Kantons-Id,Kanton,BfS-Id,Gemeinde,Kantonssteuer,Gemeindesteuer,Kirche ref.,Kirche röm.-kt.,Kirche christkt.
1,ZH,131,Adliswil,99,102,10,8,14
1,ZH,241,Aesch (ZH),99,91,11,11,14
1,ZH,1,Aeugst am Albis,99,95,12,13,14
1,ZH,2,Affoltern am Albis,99,124,12,13,14
1,ZH,211,Altikon,99,114,12,13,14
1,ZH,291,Andelfingen,99,114,12,14,14
1,ZH,51,Bachenbülach,99,106,10,11,14
1,ZH,81,Bachs,99,128,14,11,14
1,ZH,52,Bassersdorf,99,114,12,9,14
1,ZH,297,Bauma,99,120,14,13,14
1,ZH,22,Benken (ZH),99,110,14,14,14
1,ZH,23,Berg am Irchel,99,98,12,13,14
1,ZH,242,Birmensdorf (ZH),99,112,11,11,14
1,ZH,3,Bonstetten,99,109,12,11,14
1,ZH,82,Boppelsen,99,96,13,10,14
1,ZH,213,Brütten,99,89,12,13,14
1,ZH,112,Bubikon,99,118,14,12,14
1,ZH,24,Buch am Irchel,99,106,12,13,14
1,ZH,83,Buchs (ZH),99,110,11,10,14
1,ZH,111,Bäretswil,99,106,14,13,14
1,ZH,53,Bülach,99,110,10,11,14
1,ZH,25,Dachsen,99,112,12,14,14
1,ZH,86,Dielsdorf,99,105,12,11,14
1,ZH,243,Dietikon,99,123,12,13,14
1,ZH,54,Dietlikon,99,102,12,8,14
1,ZH,216,Dinhard,99,87,12,13,14
1,ZH,26,Dorf,99,109,14,13,14
1,ZH,214,Dägerlen,99,105,14,13,14
1,ZH,84,Dällikon,99,108,11,10,14
1,ZH,85,Dänikon,99,122,11,10,14
1,ZH,215,Dättlikon,99,116,12,13,14
1,ZH,191,Dübendorf,99,96,11,10,14
1,ZH,113,Dürnten,99,113,14,12,14
1,ZH,192,Egg,99,101,12,9,14
1,ZH,55,Eglisau,99,113,13,13,14
1,ZH,294,Elgg,99,115,14,14,14
1,ZH,218,Ellikon an der Thur,99,119,12,13,14
1,ZH,219,Elsau,99,120,14,13,14
1,ZH,56,Embrach,99,118,12,13,14
1,ZH,151,Erlenbach (ZH),99,79,9,7,14
1,ZH,172,Fehraltorf,99,109,13,12,14
1,ZH,27,Feuerthalen,99,114,13,14,14
1,ZH,114,Fischenthal,99,124,14,13,14
1,ZH,28,Flaach,99,107,12,13,14
1,ZH,29,Flurlingen,99,112,12,14,14
1,ZH,57,Freienstein-Teufen,99,99,14,13,14
1,ZH,193,Fällanden,99,99,11,10,14
1,ZH,244,Geroldswil,99,110,11,9,14
1,ZH,58,Glattfelden,99,120,14,13,14
1,ZH,115,Gossau (ZH),99,117,14,14,14
1,ZH,194,Greifensee,99,94,11,10,14
1,ZH,116,Grüningen,99,113,14,13,14
1,ZH,220,Hagenbuch,99,116,14,14,14
1,ZH,4,Hausen am Albis,99,112,12,14,14
1,ZH,5,Hedingen,99,100,12,13,14
1,ZH,31,Henggart,99,102,14,13,14
1,ZH,152,Herrliberg,99,75,9,8,14
1,ZH,221,Hettlingen,99,96,13,13,14
1,ZH,117,Hinwil,99,112,12,16,14
1,ZH,173,Hittnau,99,113,14,12,14
1,ZH,59,Hochfelden,99,116,10,11,14
1,ZH,153,Hombrechtikon,99,116,11,13,14
1,ZH,295,Horgen,99,90,10,7,14
1,ZH,60,Höri,99,110,10,11,14
1,ZH,61,Hüntwangen,99,108,14,13,14
1,ZH,87,Hüttikon,99,117,13,10,14
1,ZH,296,Illnau-Effretikon,99,110,13,13,14
1,ZH,6,Kappel am Albis,99,102,14,14,14
1,ZH,135,Kilchberg (ZH),99,72,9,6,14
1,ZH,33,Kleinandelfingen,99,112,12,14,14
1,ZH,62,Kloten,99,103,10,9,14
1,ZH,7,Knonau,99,116,14,14,14
1,ZH,154,Küsnacht (ZH),99,75,7,7,14
1,ZH,136,Langnau am Albis,99,106,10,14,14
1,ZH,34,Laufen-Uhwiesen,99,104,12,14,14
1,ZH,176,Lindau,99,106,12,13,14
1,ZH,63,Lufingen,99,89,12,13,14
1,ZH,35,Marthalen,99,105,14,14,14
1,ZH,8,Maschwanden,99,130,12,14,14
1,ZH,195,Maur,99,85,9,9,14
1,ZH,156,Meilen,99,79,9,7,14
1,ZH,9,Mettmenstetten,99,98,12,14,14
1,ZH,155,Männedorf,99,93,12,11,14
1,ZH,196,Mönchaltorf,99,108,13,9,14
1,ZH,88,Neerach,99,77,12,11,14
1,ZH,223,Neftenbach,99,105,9,13,14
1,ZH,89,Niederglatt,99,106,13,11,14
1,ZH,90,Niederhasli,99,112,13,11,14
1,ZH,91,Niederweningen,99,102,10,11,14
1,ZH,64,Nürensdorf,99,90,12,9,14
1,ZH,65,Oberembrach,99,117,12,13,14
1,ZH,245,Oberengstringen,99,112,10,13,14
1,ZH,92,Oberglatt,99,117,13,11,14
1,ZH,137,Oberrieden,99,88,12,11,14
1,ZH,93,Oberweningen,99,96,10,11,14
1,ZH,10,Obfelden,99,121,12,13,14
1,ZH,157,Oetwil am See,99,116,14,9,14
1,ZH,246,Oetwil an der Limmat,99,105,11,9,14
1,ZH,66,Opfikon,99,94,8,7,14
1,ZH,37,Ossingen,99,99,14,14,14
1,ZH,94,Otelfingen,99,112,13,10,14
1,ZH,11,Ottenbach,99,117,12,13,14
1,ZH,224,Pfungen,99,117,12,13,14
1,ZH,177,Pfäffikon,99,110,12,12,14
1,ZH,67,Rafz,99,113,14,13,14
1,ZH,95,Regensberg,99,111,14,11,14
1,ZH,96,Regensdorf,99,118,11,10,14
1,ZH,38,Rheinau,99,116,14,14,14
1,ZH,138,Richterswil,99,99,12,15,14
1,ZH,225,Rickenbach (ZH),99,106,12,13,14
1,ZH,12,Rifferswil,99,122,12,14,14
1,ZH,68,Rorbas,99,103,14,13,14
1,ZH,178,Russikon,99,113,12,12,14
1,ZH,97,Rümlang,99,109,14,11,14
1,ZH,139,Rüschlikon,99,75,10,10,14
1,ZH,118,Rüti (ZH),99,119,14,12,14
1,ZH,226,Schlatt (ZH),99,125,14,12,14
1,ZH,98,Schleinikon,99,108,10,11,14
1,ZH,247,Schlieren,99,111,11,10,14
1,ZH,197,Schwerzenbach,99,101,11,10,14
1,ZH,99,Schöfflisdorf,99,99,10,11,14
1,ZH,119,Seegräben,99,113,12,14,14
1,ZH,227,Seuzach,99,99,12,13,14
1,ZH,100,Stadel,99,113,14,13,14
1,ZH,13,Stallikon,99,101,11,11,14
1,ZH,292,Stammheim,99,114,14,14,14
1,ZH,101,Steinmaur,99,112,12,11,14
1,ZH,158,Stäfa,99,78,11,11,14
1,ZH,39,Thalheim an der Thur,99,104,12,13,14
1,ZH,141,Thalwil,99,85,10,10,14
1,ZH,41,Truttikon,99,113,14,14,14
1,ZH,40,Trüllikon,99,114,14,14,14
1,ZH,228,Turbenthal,99,122,14,13,14
1,ZH,159,Uetikon am See,99,84,11,11,14
1,ZH,248,Uitikon,99,80,10,11,14
1,ZH,249,Unterengstringen,99,100,11,13,14
1,ZH,250,Urdorf,99,115,10,11,14
1,ZH,198,Uster,99,112,11,10,14
1,ZH,43,Volken,99,111,12,13,14
1,ZH,199,Volketswil,99,103,9,10,14
1,ZH,120,Wald (ZH),99,122,14,14,14
1,ZH,69,Wallisellen,99,95,7,8,14
1,ZH,200,Wangen-Brüttisellen,99,101,11,8,14
1,ZH,70,Wasterkingen,99,116,14,13,14
1,ZH,102,Weiach,99,90,11,13,14
1,ZH,251,Weiningen (ZH),99,103,11,9,14
1,ZH,180,Weisslingen,99,116,13,12,14
1,ZH,14,Wettswil am Albis,99,89,11,11,14
1,ZH,121,Wetzikon (ZH),99,119,14,14,14
1,ZH,298,Wiesendangen,99,88,14,13,14
1,ZH,71,Wil (ZH),99,99,14,13,14
1,ZH,181,Wila,99,126,14,13,14
1,ZH,182,Wildberg,99,127,14,13,14
1,ZH,72,Winkel,99,76,10,11,14
1,ZH,230,Winterthur,99,125,13,17,14
1,ZH,293,Wädenswil,99,105,11,12,14
1,ZH,231,Zell (ZH),99,118,14,12,14
1,ZH,161,Zollikon,99,79,8,9,14
1,ZH,160,Zumikon,99,81,8,9,14
1,ZH,261,Zürich,99,119,10,10,14
2,BE,301,Aarberg,302.5,155,16.1,20,28
2,BE,321,Aarwangen,302.5,157,18.4,19,27.6
2,BE,561,Adelboden,302.5,199,18.4,23,23
2,BE,401,Aefligen,302.5,180,16,19,27.6
2,BE,731,Aegerten,302.5,179,20,20,28
2,BE,562,Aeschi bei Spiez,302.5,179,25,23,23
2,BE,951,Affoltern im Emmental,302.5,186,23.8,19,27.6
2,BE,402,Alchenstorf,302.5,185,22,19,27.6
2,BE,630,Allmendingen,302.5,125,18.4,18,27.6
2,BE,921,Amsoldingen,302.5,185,24.6,19.5,23
2,BE,381,Arch,302.5,175,15,20,28
2,BE,602,Arni (BE),302.5,174,23,19,27.6
2,BE,971,Attiswil,302.5,164,20.7,19,27.6
2,BE,322,Auswil,302.5,175,18.4,19,27.6
2,BE,323,Bannwil,302.5,180,18.4,19,27.6
2,BE,302,Bargen (BE),302.5,184,23,20,28
2,BE,571,Beatenberg,302.5,198,24.15,20.7,23
2,BE,732,Bellmund,302.5,130,21,23,28
2,BE,861,Belp,302.5,140,18.4,19.7,27.6
2,BE,681,Belprahon,302.5,193,23,20.7,30.6
2,BE,972,Berken,302.5,110,17,19,27.6
2,BE,351,Bern,302.5,154,18.4,19.7,27.6
2,BE,973,Bettenhausen,302.5,155,17,19,27.6
2,BE,371,Biel/Bienne,302.5,163,23,23,28
2,BE,603,Biglen,302.5,190,23,19,27.6
2,BE,324,Bleienbach,302.5,145,17.5,19,27.6
2,BE,922,Blumenstein,302.5,175,23,19.5,23
2,BE,352,Bolligen,302.5,160,18.4,19.7,27.6
2,BE,791,Boltigen,302.5,170,23,13.77,23
2,BE,605,Bowil,302.5,184,20.7,19,27.6
2,BE,353,Bremgarten bei Bern,302.5,149,18.4,19.7,27.6
2,BE,606,Brenzikofen,302.5,176,18.4,19,23
2,BE,573,Brienz (BE),302.5,181,23,20,23
2,BE,574,Brienzwiler,302.5,164,23,20,23
2,BE,733,Brügg,302.5,169,20,23,28
2,BE,491,Brüttelen,302.5,190,18,20,28
2,BE,923,Buchholterberg,302.5,180,25.3,19.5,23
2,BE,404,Burgdorf,302.5,163,18.4,20.7,27.6
2,BE,863,Burgistein,302.5,195,18.4,19.5,23
2,BE,325,Busswil bei Melchnau,302.5,160,19,19,27.6
2,BE,403,Bäriswil,302.5,164,21,20.7,27.6
2,BE,533,Bätterkinden,302.5,170,21,19,27.6
2,BE,572,Bönigen,302.5,194,18.4,20.7,23
2,BE,382,Büetigen,302.5,135,20,20,28
2,BE,734,Bühl,302.5,155,18.36,20,28
2,BE,383,Büren an der Aare,302.5,164,19.7,20,28
2,BE,683,Champoz,302.5,170,23,23,30.6
2,BE,687,Corcelles (BE),302.5,194,25,20.7,30.6
2,BE,431,Corgémont,302.5,179,21.42,19.7,30.6
2,BE,432,Cormoret,302.5,204,18.4,19.7,30.6
2,BE,433,Cortébert,302.5,199,21.42,19.7,30.6
2,BE,690,Court,302.5,194,25.3,23,30.6
2,BE,434,Courtelary,302.5,214,18.4,19.7,30.6
2,BE,691,Crémines,302.5,194,25,20.7,30.6
2,BE,535,Deisswil bei Münchenbuchsee,302.5,89,19.55,19.7,27.6
2,BE,762,Diemtigen,302.5,190,23,23,23
2,BE,385,Diessbach bei Büren,302.5,180,20,20,28
2,BE,386,Dotzigen,302.5,185,20,20,28
2,BE,575,Därligen,302.5,189,15,20.7,23
2,BE,761,Därstetten,302.5,160,16,23,23
2,BE,952,Dürrenroth,302.5,189,23,19,27.6
2,BE,901,Eggiwil,302.5,180,18.4,27,27.6
2,BE,735,Epsach,302.5,170,16.1,20,28
2,BE,953,Eriswil,302.5,179,23,19,27.6
2,BE,924,Eriz,302.5,180,25.3,19.5,23
2,BE,492,Erlach,302.5,150,20.7,20,28
2,BE,763,Erlenbach im Simmental,302.5,164,23,23,23
2,BE,405,Ersigen,302.5,170,16,19,27.6
2,BE,692,Eschert,302.5,194,25,20.7,30.6
2,BE,372,Evilard,302.5,152,23,23,28
2,BE,925,Fahrni,302.5,178,24.15,19.5,23
2,BE,975,Farnern,302.5,169,20.7,19,27.6
2,BE,662,Ferenbalm,302.5,175,18.4,19.7,27.6
2,BE,493,Finsterhennen,302.5,180,23,20,28
2,BE,948,Forst-Längenbühl,302.5,170,22.8,19.5,23
2,BE,538,Fraubrunnen,302.5,175,18.4,19,27.6
2,BE,663,Frauenkappelen,302.5,160,18,19.7,27.6
2,BE,607,Freimettigen,302.5,180,18.4,19,27.6
2,BE,563,Frutigen,302.5,185,21,23,23
2,BE,494,Gals,302.5,149,13.5,20,28
2,BE,495,Gampelen,302.5,119,13.5,20,28
2,BE,866,Gerzensee,302.5,154,20.7,19.5,27.6
2,BE,326,Gondiswil,302.5,184,19,19,27.6
2,BE,976,Graben,302.5,150,17,19,27.6
2,BE,694,Grandval,302.5,174,25,20.7,30.6
2,BE,576,Grindelwald,302.5,179,18.4,20.7,23
2,BE,303,Grossaffoltern,302.5,169,18.4,20,28
2,BE,608,Grosshöchstetten,302.5,152,20.7,19,27.6
2,BE,841,Gsteig,302.5,155,15.3,13.77,23
2,BE,577,Gsteigwiler,302.5,198,18.4,20.7,23
2,BE,852,Guggisberg,302.5,189,23,19.7,27.6
2,BE,665,Gurbrü,302.5,200,21.85,19.7,27.6
2,BE,867,Gurzelen,302.5,183,25.3,19.5,23
2,BE,782,Guttannen,302.5,165,23,20,23
2,BE,578,Gündlischwand,302.5,190,18.4,20.7,23
2,BE,579,Habkern,302.5,185,23,20.7,23
2,BE,736,Hagneck,302.5,150,16.1,20,28
2,BE,406,Hasle bei Burgdorf,302.5,179,22,20.7,27.6
2,BE,783,Hasliberg,302.5,210,23,20,23
2,BE,927,Heiligenschwendi,302.5,189,20,19.5,23
2,BE,928,Heimberg,302.5,160,20,19.5,23
2,BE,977,Heimenhausen,302.5,146,17,19,27.6
2,BE,407,Heimiswil,302.5,184,23,20.7,27.6
2,BE,408,Hellsau,302.5,180,22,19,27.6
2,BE,610,Herbligen,302.5,170,18.4,19,23
2,BE,737,Hermrigen,302.5,190,16.1,20,28
2,BE,979,Herzogenbuchsee,302.5,165,17,19,27.6
2,BE,929,Hilterfingen,302.5,155,20,19.5,23
2,BE,409,Hindelbank,302.5,159,21,20.7,27.6
2,BE,580,Hofstetten bei Brienz,302.5,164,23,20,23
2,BE,931,Homberg,302.5,184,25.3,19.5,23
2,BE,932,Horrenbach-Buchen,302.5,170,25.3,19.5,23
2,BE,954,Huttwil,302.5,165,20,19,27.6
2,BE,609,Häutligen,302.5,145,20.7,19,27.6
2,BE,410,Höchstetten,302.5,175,22,19,27.6
2,BE,541,Iffwil,302.5,150,21.8,19.7,27.6
2,BE,980,Inkwil,302.5,175,17,19,27.6
2,BE,784,Innertkirchen,302.5,160,23.9,20,23
2,BE,496,Ins,302.5,163,18,20,28
2,BE,581,Interlaken,302.5,167,18.4,20.7,23
2,BE,739,Ipsach,302.5,159,21,23,28
2,BE,582,Iseltwald,302.5,185,18.4,20.7,23
2,BE,362,Ittigen,302.5,113,18.4,19.7,27.6
2,BE,868,Jaberg,302.5,149,18.5,19.5,23
2,BE,540,Jegenstorf,302.5,153,21.8,19.7,27.6
2,BE,738,Jens,302.5,190,20,20,28
2,BE,304,Kallnach,302.5,145,16.1,20,28
2,BE,564,Kandergrund,302.5,185,25,23,23
2,BE,565,Kandersteg,302.5,180,25,23,23
2,BE,305,Kappelen,302.5,160,18,20,28
2,BE,869,Kaufdorf,302.5,194,18.4,19.7,27.6
2,BE,870,Kehrsatz,302.5,164,23,19.7,27.6
2,BE,411,Kernenried,302.5,137,16,19,27.6
2,BE,611,Kiesen,302.5,154,18.4,18,23
2,BE,412,Kirchberg (BE),302.5,149,16,19,27.6
2,BE,872,Kirchdorf (BE),302.5,151,18.5,19.5,23
2,BE,354,Kirchlindach,302.5,150,18.4,19.7,27.6
2,BE,612,Konolfingen,302.5,159,20.7,19,27.6
2,BE,413,Koppigen,302.5,165,22,19,27.6
2,BE,566,Krattigen,302.5,170,25,23,23
2,BE,414,Krauchthal,302.5,179,19.5,20.7,27.6
2,BE,666,Kriechenwil,302.5,179,19,19.7,27.6
2,BE,355,Köniz,302.5,158,23,19.7,27.6
2,BE,435,La Ferrière,302.5,194,25.3,24.48,30.6
2,BE,723,La Neuveville,302.5,165,20.7,13.8,28
2,BE,613,Landiswil,302.5,185,23,19,27.6
2,BE,329,Langenthal,302.5,138,14.84,19,27.6
2,BE,902,Langnau im Emmental,302.5,194,18.4,27,27.6
2,BE,842,Lauenen,302.5,170,23,13.77,23
2,BE,667,Laupen,302.5,174,19,19.7,27.6
2,BE,903,Lauperswil,302.5,185,18.4,27,27.6
2,BE,584,Lauterbrunnen,302.5,184,23,20.7,23
2,BE,585,Leissigen,302.5,190,15,20.7,23
2,BE,387,Lengnau (BE),302.5,154,22,24.15,28
2,BE,792,Lenk,302.5,179,22,13.77,23
2,BE,388,Leuzigen,302.5,179,18,20,28
2,BE,740,Ligerz,302.5,168,16.83,23,28
2,BE,614,Linden,302.5,190,27,19,23
2,BE,331,Lotzwil,302.5,170,17.5,19,27.6
2,BE,696,Loveresse,302.5,194,23,23,30.6
2,BE,306,Lyss,302.5,160,18.4,20,28
2,BE,415,Lyssach,302.5,149,16,20.7,27.6
2,BE,497,Lüscherz,302.5,150,18.4,20,28
2,BE,586,Lütschental,302.5,150,18.4,20.7,23
2,BE,955,Lützelflüh,302.5,174,18.4,20.7,27.6
2,BE,332,Madiswil,302.5,155,18.4,19,27.6
2,BE,587,Matten bei Interlaken,302.5,188,18.4,20.7,23
2,BE,543,Mattstetten,302.5,148,21.8,19.7,27.6
2,BE,389,Meienried,302.5,100,19.7,20,28
2,BE,307,Meikirch,302.5,154,19.5,19.7,28
2,BE,390,Meinisberg,302.5,195,22,24.15,28
2,BE,785,Meiringen,302.5,194,23,20,23
2,BE,333,Melchnau,302.5,174,19,19,27.6
2,BE,741,Merzligen,302.5,145,20,20,28
2,BE,615,Mirchel,302.5,179,20.7,19,27.6
2,BE,437,Mont-Tramelan,302.5,194,25,25,30.6
2,BE,544,Moosseedorf,302.5,138,19.55,19.7,27.6
2,BE,700,Moutier,302.5,204,23,20.7,30.6
2,BE,356,Muri bei Bern,302.5,114,17.6,19.7,27.6
2,BE,742,Mörigen,302.5,125,16.1,20,28
2,BE,668,Mühleberg,302.5,140,19,19.7,27.6
2,BE,546,Münchenbuchsee,302.5,164,19.55,19.7,27.6
2,BE,669,Münchenwiler,302.5,150,20.7,19.7,27.6
2,BE,616,Münsingen,302.5,158,18.4,18,27.6
2,BE,498,Müntschemier,302.5,179,18,20,28
2,BE,670,Neuenegg,302.5,149,17.25,19.7,27.6
2,BE,743,Nidau,302.5,170,21,23,28
2,BE,981,Niederbipp,302.5,165,18.4,19,27.6
2,BE,617,Niederhünigen,302.5,170,20.7,19,27.6
2,BE,877,Niedermuhlern,302.5,179,27.5,19.7,27.6
2,BE,588,Niederried bei Interlaken,302.5,199,19,20.7,23
2,BE,982,Niederönz,302.5,140,17,19,27.6
2,BE,724,Nods,302.5,164,23,13.8,28
2,BE,357,Oberbalm,302.5,175,23,19.7,27.6
2,BE,983,Oberbipp,302.5,159,20.7,19,27.6
2,BE,418,Oberburg,302.5,188,24.2,20.7,27.6
2,BE,619,Oberdiessbach,302.5,164,18.4,19,23
2,BE,934,Oberhofen am Thunersee,302.5,159,20,19.5,23
2,BE,629,Oberhünigen,302.5,188,27,19,27.6
2,BE,935,Oberlangenegg,302.5,195,25.3,19.5,23
2,BE,589,Oberried am Brienzersee,302.5,194,23,20,23
2,BE,620,Oberthal,302.5,187,20.7,19,27.6
2,BE,391,Oberwil bei Büren,302.5,197,18,20,28
2,BE,766,Oberwil im Simmental,302.5,164,23,23,23
2,BE,985,Ochlenberg,302.5,160,17,19,27.6
2,BE,335,Oeschenbach,302.5,200,23,19,27.6
2,BE,622,Oppligen,302.5,150,18.4,19,23
2,BE,744,Orpund,302.5,185,19,23,28
2,BE,438,Orvin,302.5,188,18,23,30.6
2,BE,363,Ostermundigen,302.5,169,18.4,19.7,27.6
2,BE,701,Perrefitte,302.5,200,23,20.7,30.6
2,BE,716,Petit-Val,302.5,179,32,24.15,30.6
2,BE,392,Pieterlen,302.5,175,22,24.15,28
2,BE,726,Plateau de Diesse,302.5,185,18.4,13.8,28
2,BE,936,Pohlern,302.5,172,23,19.5,23
2,BE,745,Port,302.5,169,21,23,28
2,BE,450,Péry-La Heutte,302.5,155,18,23,30.6
2,BE,309,Radelfingen,302.5,169,23,20,28
2,BE,310,Rapperswil (BE),302.5,168,19.55,19.7,28
2,BE,715,Rebévelier,302.5,200,32,31.16,30.6
2,BE,703,Reconvilier,302.5,197,23,23,30.6
2,BE,567,Reichenbach im Kandertal,302.5,177,23,23,23
2,BE,336,Reisiswil,302.5,179,19,19,27.6
2,BE,441,Renan (BE),302.5,204,30.6,19.7,30.6
2,BE,767,Reutigen,302.5,175,23,23,23
2,BE,879,Riggisberg,302.5,180,20.7,19.5,27.6
2,BE,590,Ringgenberg (BE),302.5,180,19,20.7,23
2,BE,704,Roches (BE),302.5,194,23,20.7,30.6
2,BE,337,Roggwil (BE),302.5,161,19,19,27.6
2,BE,338,Rohrbach,302.5,135,18.4,19,27.6
2,BE,339,Rohrbachgraben,302.5,194,18.4,19,27.6
2,BE,442,Romont (BE),302.5,160,18,23,30.6
2,BE,623,Rubigen,302.5,144,18.4,18,27.6
2,BE,421,Rumendingen,302.5,100,20.7,20.7,27.6
2,BE,987,Rumisberg,302.5,189,20.7,19,27.6
2,BE,904,Röthenbach im Emmental,302.5,200,23,27,27.6
2,BE,905,Rüderswil,302.5,174,18.4,27,27.6
2,BE,420,Rüdtligen-Alchenflüh,302.5,145,16,19,27.6
2,BE,880,Rüeggisberg,302.5,185,26.5,19.5,27.6
2,BE,956,Rüegsau,302.5,179,16,20.7,27.6
2,BE,853,Rüschegg,302.5,174,20.7,19.7,27.6
2,BE,393,Rüti bei Büren,302.5,185,27.9,20,28
2,BE,422,Rüti bei Lyssach,302.5,179,16,20.7,27.6
2,BE,340,Rütschelen,302.5,160,17.5,19,27.6
2,BE,843,Saanen,302.5,120,15.3,13.77,23
2,BE,746,Safnern,302.5,140,19,23,28
2,BE,706,Saicourt,302.5,195,23,23,30.6
2,BE,443,Saint-Imier,302.5,175,25.6,19.7,30.6
2,BE,449,Sauge,302.5,190,18,23,30.6
2,BE,707,Saules (BE),302.5,194,23,23,30.6
2,BE,591,Saxeten,302.5,169,18.4,20.7,23
2,BE,906,Schangnau,302.5,210,23,27,27.6
2,BE,786,Schattenhalb,302.5,194,23,20,23
2,BE,708,Schelten,302.5,220,23,27.64,30.6
2,BE,747,Scheuren,302.5,178,19,20,28
2,BE,748,Schwadernau,302.5,185,20,20,28
2,BE,592,Schwanden bei Brienz,302.5,175,23,20,23
2,BE,855,Schwarzenburg,302.5,186,23,19.7,27.6
2,BE,341,Schwarzhäusern,302.5,160,18.4,19,27.6
2,BE,311,Schüpfen,302.5,174,21,20,28
2,BE,988,Seeberg,302.5,175,23,19,27.6
2,BE,312,Seedorf (BE),302.5,174,20.7,20,28
2,BE,709,Seehof,302.5,174,23,32.2,30.6
2,BE,883,Seftigen,302.5,174,25.3,19.5,23
2,BE,907,Signau,302.5,194,18.4,27,27.6
2,BE,938,Sigriswil,302.5,166,18.4,19.5,23
2,BE,499,Siselen,302.5,180,23,20,28
2,BE,444,Sonceboz-Sombeval,302.5,172,20.2,19.7,30.6
2,BE,445,Sonvilier,302.5,207,23,19.7,30.6
2,BE,711,Sorvilier,302.5,180,25.3,23,30.6
2,BE,768,Spiez,302.5,165,17.4,23,23
2,BE,793,St. Stephan,302.5,184,23,13.77,23
2,BE,939,Steffisburg,302.5,162,24.15,19.5,23
2,BE,358,Stettlen,302.5,157,20.7,19.7,27.6
2,BE,770,Stocken-Höfen,302.5,179,24.6,19.5,23
2,BE,749,Studen (BE),302.5,172,20,20,28
2,BE,957,Sumiswald,302.5,179,23,19,27.6
2,BE,750,Sutz-Lattrigen,302.5,175,23,23,28
2,BE,713,Tavannes,302.5,192,23,23,30.6
2,BE,940,Teuffenthal (BE),302.5,180,25.3,19.5,23
2,BE,941,Thierachern,302.5,171,20,19.5,23
2,BE,942,Thun,302.5,172,20.7,19.5,23
2,BE,342,Thunstetten,302.5,178,18.4,19,27.6
2,BE,889,Thurnen,302.5,175,18.4,19.7,27.6
2,BE,989,Thörigen,302.5,175,17,19,27.6
2,BE,884,Toffen,302.5,160,18.4,19.7,27.6
2,BE,958,Trachselwald,302.5,188,23,19,27.6
2,BE,446,Tramelan,302.5,194,25,25,30.6
2,BE,500,Treiten,302.5,120,18,20,28
2,BE,908,Trub,302.5,184,23,27,27.6
2,BE,909,Trubschachen,302.5,199,18.4,27,27.6
2,BE,501,Tschugg,302.5,159,20.7,20,28
2,BE,756,Twann-Tüscherz,302.5,165,16.83,23,28
2,BE,751,Täuffelen,302.5,159,16.1,20,28
2,BE,943,Uebeschi,302.5,200,20,19.5,23
2,BE,944,Uetendorf,302.5,148,20,19.5,23
2,BE,945,Unterlangenegg,302.5,175,25.3,19.5,23
2,BE,593,Unterseen,302.5,170,18.4,20.7,23
2,BE,344,Ursenbach,302.5,175,23,19,27.6
2,BE,551,Urtenen-Schönbühl,302.5,150,21.8,19.7,27.6
2,BE,885,Uttigen,302.5,163,18.5,19.5,23
2,BE,552,Utzenstorf,302.5,172,19,19,27.6
2,BE,717,Valbirse,302.5,200,23,23,30.6
2,BE,359,Vechigen,302.5,164,19.7,19.7,27.6
2,BE,448,Villeret,302.5,179,21.85,19.7,30.6
2,BE,502,Vinelz,302.5,169,18.4,20,28
2,BE,946,Wachseldorn,302.5,184,25.3,19.5,23
2,BE,888,Wald (BE),302.5,169,27.5,19.7,27.6
2,BE,626,Walkringen,302.5,192,27.6,19,27.6
2,BE,990,Walliswil bei Niederbipp,302.5,90,18.4,19,27.6
2,BE,991,Walliswil bei Wangen,302.5,150,19.55,19,27.6
2,BE,754,Walperswil,302.5,165,18.36,20,28
2,BE,959,Walterswil (BE),302.5,186,23,19,27.6
2,BE,992,Wangen an der Aare,302.5,168,19.55,19,27.6
2,BE,993,Wangenried,302.5,176,19.55,19,27.6
2,BE,886,Wattenwil,302.5,194,22.8,19.5,23
2,BE,394,Wengi,302.5,185,27.6,20,28
2,BE,632,Wichtrach,302.5,154,18.4,18,23
2,BE,995,Wiedlisbach,302.5,167,20.7,19,27.6
2,BE,553,Wiggiswil,302.5,140,19.55,19.7,27.6
2,BE,594,Wilderswil,302.5,169,18.4,20.7,23
2,BE,554,Wiler bei Utzenstorf,302.5,170,19,19,27.6
2,BE,671,Wileroltigen,302.5,160,21.85,19.7,27.6
2,BE,423,Willadingen,302.5,169,22,19,27.6
2,BE,769,Wimmis,302.5,162,23,23,23
2,BE,360,Wohlen bei Bern,302.5,154,19.55,19.7,27.6
2,BE,627,Worb,302.5,170,23,19.7,27.6
2,BE,755,Worben,302.5,160,20,20,28
2,BE,345,Wynau,302.5,180,20,19,27.6
2,BE,424,Wynigen,302.5,175,20.7,20.7,27.6
2,BE,960,Wyssachen,302.5,190,23,19,27.6
2,BE,556,Zielebach,302.5,150,19,19,27.6
2,BE,361,Zollikofen,302.5,140,18.5,19.7,27.6
2,BE,557,Zuzwil (BE),302.5,174,21.8,19.7,27.6
2,BE,794,Zweisimmen,302.5,180,19.5,13.77,23
2,BE,947,Zwieselberg,302.5,175,24.6,19.5,23
2,BE,628,Zäziwil,302.5,169,20.7,19,27.6
3,LU,1051,Adligenswil,160,195,25,22,31
3,LU,1021,Aesch (LU),160,180,22,35,31
3,LU,1121,Alberswil,160,205,35,29,31
3,LU,1122,Altbüron,160,220,23,41,31
3,LU,1123,Altishofen,160,170,23,28,31
3,LU,1023,Ballwil,160,150,22,25,31
3,LU,1081,Beromünster,160,185,25,30,31
3,LU,1052,Buchrain,160,195,25,27,31
3,LU,1083,Buttisholz,160,190,25,30,31
3,LU,1082,Büron,160,200,25,35,31
3,LU,1125,Dagmersellen,160,175,23,30,31
3,LU,1053,Dierikon,160,190,25,21,31
3,LU,1001,Doppleschwand,160,230,30,40,31
3,LU,1054,Ebikon,160,190,25,25,31
3,LU,1127,Egolzwil,160,205,25,29,31
3,LU,1084,Eich,160,120,25,21,31
3,LU,1024,Emmen,160,215,25,28.5,31
3,LU,1002,Entlebuch,160,210,30,40,31
3,LU,1025,Ermensee,160,200,22,28,31
3,LU,1026,Eschenbach (LU),160,140,22,25,31
3,LU,1010,Escholzmatt-Marbach,160,200,40,40,31
3,LU,1128,Ettiswil,160,205,35,29,31
3,LU,1129,Fischbach,160,230,35,41,31
3,LU,1004,Flühli,160,220,40,40,31
3,LU,1085,Geuensee,160,210,25,33,31
3,LU,1055,Gisikon,160,160,25,21,31
3,LU,1056,Greppen,160,175,25,35,31
3,LU,1131,Grossdietwil,160,230,23,41,31
3,LU,1086,Grosswangen,160,185,35,32.5,31
3,LU,1005,Hasle (LU),160,230,40,42,31
3,LU,1132,Hergiswil bei Willisau,160,210,35,45,31
3,LU,1088,Hildisrieden,160,150,22,27,31
3,LU,1030,Hitzkirch,160,190,22,28,31
3,LU,1031,Hochdorf,160,190,22,26,31
3,LU,1032,Hohenrain,160,215,22,40,31
3,LU,1057,Honau,160,180,25,21,31
3,LU,1058,Horw,160,145,25,25,31
3,LU,1033,Inwil,160,175,22,21.6,31
3,LU,1089,Knutwil,160,215,25,33,31
3,LU,1059,Kriens,160,195,25,27,31
3,LU,1135,Luthern,160,240,35,45,31
3,LU,1061,Luzern,160,170,25,25,31
3,LU,1062,Malters,160,195,25,30,31
3,LU,1091,Mauensee,160,190,25,25,31
3,LU,1063,Meggen,160,95,25,19.55,31
3,LU,1064,Meierskappel,160,205,25,35,31
3,LU,1136,Menznau,160,195,30,35,31
3,LU,1137,Nebikon,160,180,23,28,31
3,LU,1093,Neuenkirch,160,185,25,28,31
3,LU,1094,Nottwil,160,185,25,27.5,31
3,LU,1095,Oberkirch,160,155,25,21,31
3,LU,1139,Pfaffnau,160,205,28,40,31
3,LU,1037,Rain,160,170,22,30,31
3,LU,1140,Reiden,160,220,28,32,31
3,LU,1097,Rickenbach (LU),160,180,25,30,31
3,LU,1142,Roggliswil,160,210,28,40,31
3,LU,1007,Romoos,160,220,30,45,31
3,LU,1065,Root,160,150,25,21,31
3,LU,1040,Rothenburg,160,175,25,22.5,31
3,LU,1098,Ruswil,160,210,30,32,31
3,LU,1039,Römerswil,160,210,22,45,31
3,LU,1099,Schenkon,160,110,25,25,31
3,LU,1100,Schlierbach,160,165,25,35,31
3,LU,1041,Schongau,160,210,22,42,31
3,LU,1066,Schwarzenberg,160,210,25,35,31
3,LU,1143,Schötz,160,215,23,28.36,31
3,LU,1008,Schüpfheim,160,220,40,38,31
3,LU,1102,Sempach,160,175,25,23,31
3,LU,1103,Sursee,160,175,25,25,31
3,LU,1104,Triengen,160,180,25,25.5,31
3,LU,1067,Udligenswil,160,185,25,30,31
3,LU,1145,Ufhusen,160,230,35,45,31
3,LU,1068,Vitznau,160,140,25,25,31
3,LU,1146,Wauwil,160,205,25,29,31
3,LU,1069,Weggis,160,135,25,22,31
3,LU,1009,Werthenstein,160,215,30,33,31
3,LU,1147,Wikon,160,230,28,32,31
3,LU,1151,Willisau,160,210,35,33,31
3,LU,1107,Wolhusen,160,230,30,33,31
3,LU,1150,Zell (LU),160,190,35,36,31
4,UR,1201,Altdorf (UR),100,95,115,77,77
4,UR,1202,Andermatt,100,99,115,100,100
4,UR,1203,Attinghausen,100,92,115,120,120
4,UR,1205,Bürglen (UR),100,92,115,106,106
4,UR,1206,Erstfeld,100,103,115,130,130
4,UR,1207,Flüelen,100,93,115,120,120
4,UR,1209,Gurtnellen,100,120,115,133,133
4,UR,1208,Göschenen,100,108,115,133,133
4,UR,1210,Hospental,100,95,115,148,148
4,UR,1211,Isenthal,100,117,115,150,150
4,UR,1212,Realp,100,92,115,100,100
4,UR,1213,Schattdorf,100,91,115,96,96
4,UR,1214,Seedorf (UR),100,90,115,100,100
4,UR,1215,Seelisberg,100,110,115,155,155
4,UR,1216,Silenen,100,105,115,130,130
4,UR,1217,Sisikon,100,120,115,130,130
4,UR,1218,Spiringen,100,110,115,148,148
4,UR,1219,Unterschächen,100,104,115,125,125
4,UR,1220,Wassen,100,108,115,148,148
5,SZ,1361,Alpthal,120,175,27,25,0
5,SZ,1341,Altendorf,120,125,14,15,0
5,SZ,1362,Arth,120,170,31,28,0
5,SZ,1301,Einsiedeln,120,220,27,26,0
5,SZ,1321,Feusisberg,120,79,8,15,0
5,SZ,1322,Freienbach,120,74,8,9,0
5,SZ,1342,Galgenen,120,165,14,18,0
5,SZ,1311,Gersau,120,190,25,25,0
5,SZ,1363,Illgau,120,210,25,35,0
5,SZ,1364,Ingenbohl,120,200,25,18,0
5,SZ,1343,Innerthal,120,170,14,28,0
5,SZ,1331,Küssnacht (SZ),120,165,17,18,0
5,SZ,1344,Lachen,120,135,14,12,0
5,SZ,1365,Lauerz,120,200,31,29,0
5,SZ,1366,Morschach,120,180,25,36,0
5,SZ,1367,Muotathal,120,170,25,25,0
5,SZ,1368,Oberiberg,120,180,27,28,0
5,SZ,1345,Reichenburg,120,190,14,30,0
5,SZ,1369,Riemenstalden,120,140,25,26,0
5,SZ,1370,Rothenthurm,120,180,27,25,0
5,SZ,1371,Sattel,120,180,31,32,0
5,SZ,1372,Schwyz,120,205,25,28,0
5,SZ,1346,Schübelbach,120,220,14,38,0
5,SZ,1373,Steinen,120,200,25,30,0
5,SZ,1374,Steinerberg,120,160,31,31,0
5,SZ,1347,Tuggen,120,179,14,25,0
5,SZ,1375,Unteriberg,120,205,27,30,0
5,SZ,1348,Vorderthal,120,175,14,28,0
5,SZ,1349,Wangen (SZ),120,190,14,30,0
5,SZ,1323,Wollerau,120,74,8,8,0
6,OW,1401,Alpnach,335,485,54,68,0
6,OW,1402,Engelberg,335,465,0,0,0
6,OW,1403,Giswil,335,485,54,70,0
6,OW,1404,Kerns,335,470,54,67,0
6,OW,1405,Lungern,335,525,54,70,0
6,OW,1406,Sachseln,335,470,54,60,0
6,OW,1407,Sarnen,335,376,54,54,0
7,NW,1501,Beckenried,266,179,26,35,0
7,NW,1502,Buochs,266,227,26,38,0
7,NW,1503,Dallenwil,266,217,26,37,0
7,NW,1504,Emmetten,266,222,26,55,0
7,NW,1505,Ennetbürgen,266,150,26,36,0
7,NW,1506,Ennetmoos,266,200,26,43,0
7,NW,1507,Hergiswil (NW),266,139,26,14,0
7,NW,1508,Oberdorf (NW),266,200,26,35,0
7,NW,1509,Stans,266,215,26,35,0
7,NW,1510,Stansstad,266,177,26,35,0
7,NW,1511,Wolfenschiessen,266,250,26,40,0
8,GL,1632,Glarus,59.2,56,7.5,8,0
8,GL,1630,Glarus Nord,59.2,61.5,9,7,0
8,GL,1631,Glarus Süd,59.2,60,11,11,0
9,ZG,1701,Baar,80,50.88,8.5,7.6,0
9,ZG,1702,Cham,80,59,8.5,10,0
9,ZG,1703,Hünenberg,80,60,8.5,10,0
9,ZG,1704,Menzingen,80,65,8.5,10,0
9,ZG,1705,Neuheim,80,65,8.5,10,0
9,ZG,1706,Oberägeri,80,60,8.5,9,0
9,ZG,1707,Risch,80,56,8.5,8,0
9,ZG,1708,Steinhausen,80,56,8.5,9,0
9,ZG,1709,Unterägeri,80,57,8.5,9,0
9,ZG,1710,Walchwil,80,53,8.5,11,0
9,ZG,1711,Zug,80,52.92,8.5,7,0
10,FR,2321,Attalens,100,78.5,20,8,0
10,FR,2061,Auboranges,100,79,20,15,0
10,FR,2173,Autigny,100,90,10,8,0
10,FR,2174,Avry,100,69.1,10,15,0
10,FR,2162,Bas-Intyamon,100,83.2,20,20,0
10,FR,2175,Belfaux,100,84,10,15,0
10,FR,2053,Belmont-Broye,100,78,20,7.5,0
10,FR,2063,Billens-Hennens,100,95,20,8,0
10,FR,2238,Bois-d'Amont,100,85,10,8,0
10,FR,2323,Bossonnens,100,93,20,8,0
10,FR,2123,Botterens,100,85,20,10,0
10,FR,2124,Broc,100,89,20,20,0
10,FR,2292,Brünisried,100,89,20,20,0
10,FR,2125,Bulle,100,74.3,20,15,0
10,FR,2295,Bösingen,100,76,20,17,0
10,FR,2066,Chapelle (Glâne),100,85,20,15,0
10,FR,2055,Cheyres-Châbles,100,70,20,11,0
10,FR,2325,Châtel-Saint-Denis,100,83.6,20,10,0
10,FR,2128,Châtel-sur-Montsalvens,100,79.5,20,8,0
10,FR,2008,Châtillon (FR),100,65,20,11,0
10,FR,2068,Châtonnaye,100,85,20,20,0
10,FR,2177,Chénens,100,81.7,10,7,0
10,FR,2129,Corbières,100,73.5,20,8,0
10,FR,2183,Corminboeuf,100,75,10,15,0
10,FR,2186,Cottens (FR),100,80,10,20,0
10,FR,2250,Courgevaux,100,76,10,8,0
10,FR,2254,Courtepin,100,85,11.5,18,0
10,FR,2257,Cressier (FR),100,68,11.5,11,0
10,FR,2130,Crésuz,100,67,20,8,0
10,FR,2011,Cugy (FR),100,85,20,11,0
10,FR,2051,Delley-Portalban,100,49.9,20,10,0
10,FR,2293,Düdingen,100,82,15,10,0
10,FR,2131,Echarlens,100,70,20,8,0
10,FR,2072,Ecublens (FR),100,71,20,15,0
10,FR,2054,Estavayer,100,84,20,11,0
10,FR,2194,Ferpicloz,100,55,10,8,0
10,FR,2196,Fribourg,100,80,10,20,0
10,FR,2258,Fräschels,100,75,9.5,8,0
10,FR,2016,Fétigny,100,86,20,15,0
10,FR,2236,Gibloux,100,85,10,10,0
10,FR,2294,Giffers,100,85.9,20,9,0
10,FR,2197,Givisiez,100,70,10,15,0
10,FR,2022,Gletterens,100,58.9,20,10,0
10,FR,2134,Grandvillard,100,80,20,20,0
10,FR,2328,Granges (Veveyse),100,89,20,8,0
10,FR,2198,Granges-Paccot,100,67.8,10,15,0
10,FR,2079,Grangettes,100,85,20,10,0
10,FR,2261,Greng,100,32,10,8,0
10,FR,2200,Grolley,100,82,10,10,0
10,FR,2135,Gruyères,100,80,20,8,0
10,FR,2262,Gurmels,100,80,11.5,20,0
10,FR,2121,Haut-Intyamon,100,97,20,10,0
10,FR,2233,Hauterive (FR),100,74,10,7,0
10,FR,2137,Hauteville,100,77.7,20,8,0
10,FR,2296,Heitenried,100,81,10,14,0
10,FR,2138,Jaun,100,100,20,10,0
10,FR,2265,Kerzers,100,84,9.5,8,0
10,FR,2266,Kleinbösingen,100,60,11.5,20,0
10,FR,2234,La Brillaz,100,87,10,8,0
10,FR,2149,La Roche,100,85,20,10,0
10,FR,2235,La Sonnaz,100,79,10,15,0
10,FR,2338,La Verrerie,100,83,20,10,0
10,FR,2067,Le Châtelard,100,90,20,12,0
10,FR,2337,Le Flon,100,93.8,20,10,0
10,FR,2220,Le Mouret,100,80,10,19,0
10,FR,2145,Le Pâquier (FR),100,83.5,20,6,0
10,FR,2050,Les Montets,100,77.4,20,11,0
10,FR,2025,Lully (FR),100,80,20,11,0
10,FR,2206,Marly,100,80,10,17,0
10,FR,2140,Marsens,100,75,20,7,0
10,FR,2086,Massonnens,100,91.2,20,15,0
10,FR,2208,Matran,100,65,10,15,0
10,FR,2271,Meyriez,100,52.3,10,8,0
10,FR,2272,Misery-Courtion,100,88,11.5,10,0
10,FR,2284,Mont-Vully,100,58,10,8,0
10,FR,2029,Montagny (FR),100,83.6,20,9,0
10,FR,2089,Montet (Glâne),100,80,20,20,0
10,FR,2143,Morlon,100,81.3,20,10,0
10,FR,2274,Muntelier,100,58,9,8,0
10,FR,2275,Murten,100,62,9,8,0
10,FR,2027,Ménières,100,88.1,20,15,0
10,FR,2087,Mézières (FR),100,85,20,10,0
10,FR,2211,Neyruz (FR),100,81,10,18,0
10,FR,2035,Nuvilly,100,87.9,20,11,0
10,FR,2216,Pierrafortscha,100,78,10,17,0
10,FR,2299,Plaffeien,100,92,20,20,0
10,FR,2300,Plasselb,100,95,20,20,0
10,FR,2122,Pont-en-Ogoz,100,75,20,9,0
10,FR,2147,Pont-la-Ville,100,75,20,15,0
10,FR,2217,Ponthaux,100,89,10,20,0
10,FR,2237,Prez,100,80,10,10,0
10,FR,2038,Prévondavaux,100,90.3,20,11,0
10,FR,2301,Rechthalten,100,90,20,20,0
10,FR,2333,Remaufens,100,88,20,20,0
10,FR,2148,Riaz,100,73,20,10,0
10,FR,2276,Ried bei Kerzers,100,72.5,9,8,0
10,FR,2096,Romont (FR),100,90,20,20,0
10,FR,2097,Rue,100,79,20,15,0
10,FR,2041,Saint-Aubin (FR),100,80,20,6.5,0
10,FR,2335,Saint-Martin (FR),100,87,20,10,0
10,FR,2305,Schmitten (FR),100,77,10,10,0
10,FR,2336,Semsales,100,83,20,19,0
10,FR,2099,Siviriez,100,88,20,10,0
10,FR,2153,Sorens,100,73,20,17,0
10,FR,2303,St. Silvester,100,95,20,20,0
10,FR,2304,St. Ursen,100,75,20,20,0
10,FR,2044,Surpierre,100,88.7,20,20,0
10,FR,2152,Sâles,100,86,20,20,0
10,FR,2043,Sévaz,100,45,20,11,0
10,FR,2306,Tafers,100,75,10,20,0
10,FR,2307,Tentlingen,100,76.1,20,9,0
10,FR,2115,Torny,100,90,20,10,0
10,FR,2226,Treyvaux,100,90,10,9,0
10,FR,2308,Ueberstorf,100,89,15,15,0
10,FR,2278,Ulmiz,100,85,9,8,0
10,FR,2102,Ursy,100,77,20,20,0
10,FR,2163,Val-de-Charmey,100,89.8,20,18,0
10,FR,2045,Vallon,100,78,20,10,0
10,FR,2155,Vaulruz,100,79,20,20,0
10,FR,2228,Villars-sur-Glâne,100,63.9,10,18,0
10,FR,2230,Villarsel-sur-Marly,100,90,10,17,0
10,FR,2117,Villaz,100,85,20,20,0
10,FR,2114,Villorsonnens,100,80,20,20,0
10,FR,2160,Vuadens,100,87.8,20,16,0
10,FR,2113,Vuisternens-devant-Romont,100,88.4,20,12,0
10,FR,2309,Wünnewil-Flamatt,100,82,15,20,0
11,SO,2421,Aedermannsdorf,104,122,18,24,18
11,SO,2511,Aeschi (SO),104,115,15,15,19
11,SO,2541,Balm bei Günsberg,104,100,16,18,19
11,SO,2422,Balsthal,104,125,18,18,18
11,SO,2612,Beinwil (SO),104,125,13,16,0
11,SO,2542,Bellach,104,125,16,16,19
11,SO,2543,Bettlach,104,95,12.5,17,19
11,SO,2513,Biberist,104,125,15.5,16,19
11,SO,2445,Biezwil,104,125,14,16,19
11,SO,2514,Bolken,104,145,15,15,19
11,SO,2571,Boningen,104,125,18,16,18
11,SO,2613,Breitenbach,104,113,13,18,0
11,SO,2465,Buchegg,104,110,15,16,19
11,SO,2611,Bärschwil,104,125,13,16,0
11,SO,2471,Bättwil,104,122,15,15,0
11,SO,2472,Büren (SO),104,125,12,17,0
11,SO,2614,Büsserach,104,111,13,13,0
11,SO,2516,Deitingen,104,125,15,18,19
11,SO,2517,Derendingen,104,128,15,18,19
11,SO,2473,Dornach,104,88,15,16,0
11,SO,2535,Drei Höfe,104,115,15,15,19
11,SO,2573,Dulliken,104,119,18,18,18
11,SO,2572,Däniken,104,80,17,17,21
11,SO,2401,Egerkingen,104,107,18,18,18
11,SO,2574,Eppenberg-Wöschnau,104,99,17,18,21
11,SO,2503,Erlinsbach (SO),104,100,16,17,21
11,SO,2615,Erschwil,104,129,13,18,0
11,SO,2518,Etziken,104,125,15,15,19
11,SO,2616,Fehren,104,130,13,18,0
11,SO,2544,Feldbrunnen-St. Niklaus,104,72,16,12,19
11,SO,2545,Flumenthal,104,125,16,16,19
11,SO,2575,Fulenbach,104,110,17,19,18
11,SO,2474,Gempen,104,117,15,17,0
11,SO,2519,Gerlafingen,104,125,15.5,16,19
11,SO,2546,Grenchen,104,117.5,12.5,17,19
11,SO,2576,Gretzenbach,104,118,17,17,21
11,SO,2617,Grindel,104,130,13,18,0
11,SO,2578,Gunzgen,104,108,18,18,18
11,SO,2547,Günsberg,104,120,16,18,19
11,SO,2520,Halten,104,120,15,15,19
11,SO,2491,Hauenstein-Ifenthal,104,128,18,19,18
11,SO,2424,Herbetswil,104,129,18,25,18
11,SO,2618,Himmelried,104,124,13,21,0
11,SO,2475,Hochwald,104,116,15,17,0
11,SO,2476,Hofstetten-Flüh,104,110,15,18,0
11,SO,2425,Holderbank (SO),104,135,18,21,18
11,SO,2523,Horriwil,104,122,15,16,19
11,SO,2548,Hubersdorf,104,127,16,18,19
11,SO,2579,Hägendorf,104,107,18,15,18
11,SO,2402,Härkingen,104,89,18,20,18
11,SO,2524,Hüniken,104,120,15,15,19
11,SO,2549,Kammersrohr,104,65,16,18,19
11,SO,2580,Kappel (SO),104,122,18,16,18
11,SO,2403,Kestenholz,104,117,14,20,18
11,SO,2492,Kienberg,104,129,10,21,22
11,SO,2619,Kleinlützel,104,129,8,16,0
11,SO,2525,Kriegstetten,104,119,15,16,19
11,SO,2550,Langendorf,104,119,16,20,19
11,SO,2426,Laupersdorf,104,123,18,16,18
11,SO,2526,Lohn-Ammannsegg,104,97,15.5,16,19
11,SO,2551,Lommiswil,104,127,16,20,19
11,SO,2493,Lostorf,104,113,17,18,21
11,SO,2527,Luterbach,104,125,15,19,19
11,SO,2464,Lüsslingen-Nennigkofen,104,125,15,16,19
11,SO,2455,Lüterkofen-Ichertswil,104,115,15,16,19
11,SO,2456,Lüterswil-Gächliwil,104,120,14,16,19
11,SO,2427,Matzendorf,104,130,18,20,18
11,SO,2620,Meltingen,104,123,13,18,0
11,SO,2457,Messen,104,113,14,16,19
11,SO,2477,Metzerlen-Mariastein,104,124,15,18,0
11,SO,2428,Mümliswil-Ramiswil,104,123,18,22,18
11,SO,2404,Neuendorf,104,118,18,20,18
11,SO,2405,Niederbuchsiten,104,107,18,18,18
11,SO,2495,Niedergösgen,104,105,17,18,21
11,SO,2478,Nuglar-St. Pantaleon,104,121,12,14,0
11,SO,2621,Nunningen,104,124,13,16,0
11,SO,2406,Oberbuchsiten,104,110,18,20,18
11,SO,2553,Oberdorf (SO),104,120,16,20,19
11,SO,2528,Obergerlafingen,104,110,15.5,16,19
11,SO,2497,Obergösgen,104,122,17,19,21
11,SO,2529,Oekingen,104,122,15,16,19
11,SO,2407,Oensingen,104,111,14,14,18
11,SO,2581,Olten,104,108,18,18,18
11,SO,2530,Recherswil,104,120,15,16,19
11,SO,2582,Rickenbach (SO),104,95,18,15,18
11,SO,2554,Riedholz,104,115,16,18,19
11,SO,2479,Rodersdorf,104,120,15,15,0
11,SO,2555,Rüttenen,104,118,16,12,19
11,SO,2461,Schnottwil,104,124,14,16,19
11,SO,2583,Schönenwerd,104,115,17,18,21
11,SO,2480,Seewen,104,125,12,16,0
11,SO,2556,Selzach,104,108,16,20,19
11,SO,2601,Solothurn,104,107,16,21,19
11,SO,2584,Starrkirch-Wil,104,113,18,18,18
11,SO,2499,Stüsslingen,104,125,17,18,21
11,SO,2532,Subingen,104,125,15,20,19
11,SO,2500,Trimbach,104,125,18,18,18
11,SO,2463,Unterramsern,104,105,15,16,19
11,SO,2585,Walterswil (SO),104,125,18,22,21
11,SO,2586,Wangen bei Olten,104,119,18,18,18
11,SO,2430,Welschenrohr-Gänsbrunnen,104,121,18,21,18
11,SO,2501,Winznau,104,121,18,21,18
11,SO,2502,Wisen (SO),104,125,18,18,18
11,SO,2481,Witterswil,104,110,15,15,0
11,SO,2408,Wolfwil,104,117,18,19,18
11,SO,2534,Zuchwil,104,120,15,15,19
11,SO,2622,Zullwil,104,139,13,16,0
12,BS,2701,Basel,50,50,0,0,0
12,BS,2702,Bettingen,50,36.5,0,0,0
12,BS,2703,Riehen,50,46,0,0,0
13,BL,2761,Aesch (BL),100,56,0.6,8.2,1
13,BL,2762,Allschwil,100,58,1,8,1
13,BL,2841,Anwil,100,60,0.7,7.5,1
13,BL,2881,Arboldswil,100,60,0.7,7.25,1
13,BL,2821,Arisdorf,100,59,0.59,6.75,1
13,BL,2763,Arlesheim,100,47,0.53,8,1
13,BL,2822,Augst,100,53,0.66,7.5,1
13,BL,2882,Bennwil,100,64,0.7,7.25,1
13,BL,2764,Biel-Benken,100,46,0.6,7,1
13,BL,2765,Binningen,100,49,0.66,6,1
13,BL,2766,Birsfelden,100,62,1,11.5,1
13,BL,2781,Blauen,100,59.5,0.7,11,0.8
13,BL,2767,Bottmingen,100,45,0.66,6,1
13,BL,2883,Bretzwil,100,58,0.8,7.25,1
13,BL,2782,Brislach,100,57,0.7,8,0.8
13,BL,2823,Bubendorf,100,60,0.7,6.75,1
13,BL,2843,Buckten,100,64,0.65,9,1
13,BL,2783,Burg im Leimental,100,68,0.7,5,0.8
13,BL,2844,Buus,100,58,0.7,7.5,1
13,BL,2842,Böckten,100,59.6,0.7,9,1
13,BL,2884,Diegten,100,56,0.7,9,1
13,BL,2845,Diepflingen,100,65,0.7,9,1
13,BL,2784,Dittingen,100,66,0.7,11,0.8
13,BL,2785,Duggingen,100,54,0.7,10,0.8
13,BL,2885,Eptingen,100,65,0.7,9,1
13,BL,2768,Ettingen,100,61,0.9,7,1
13,BL,2824,Frenkendorf,100,57,0.6,9,1
13,BL,2825,Füllinsdorf,100,60,0.6,9,1
13,BL,2846,Gelterkinden,100,59,0.55,7.5,1
13,BL,2826,Giebenach,100,55,0.59,6.75,1
13,BL,2786,Grellingen,100,62,0.7,10,0.8
13,BL,2848,Hemmiken,100,67,0.59,7.5,1
13,BL,2827,Hersberg,100,59,0.59,6.75,1
13,BL,2847,Häfelfingen,100,61,0.65,9,1
13,BL,2886,Hölstein,100,63,0.7,7.25,1
13,BL,2849,Itingen,100,63,0.7,9,1
13,BL,2851,Kilchberg (BL),100,64,0.7,7.5,1
13,BL,2850,Känerkinden,100,63,0.65,9,1
13,BL,2887,Lampenberg,100,62,0.7,7.25,1
13,BL,2888,Langenbruck,100,56,0.75,9,1
13,BL,2787,Laufen,100,59,0.7,8,0.8
13,BL,2828,Lausen,100,55,0.7,6.75,1
13,BL,2889,Lauwil,100,60,0.8,7.25,1
13,BL,2890,Liedertswil,100,55,0.6,7.25,1
13,BL,2788,Liesberg,100,61,0.7,10,0.8
13,BL,2829,Liestal,100,65,0.5,6.75,1
13,BL,2830,Lupsingen,100,58,0.7,6.75,1
13,BL,2852,Läufelfingen,100,64.2,0.66,9,1
13,BL,2853,Maisprach,100,56,0.7,7.5,1
13,BL,2770,Muttenz,100,56,0.81,8,1
13,BL,2769,Münchenstein,100,60,0.7,8.8,1
13,BL,2789,Nenzlingen,100,62.5,0.7,11,0.8
13,BL,2891,Niederdorf,100,64,0.6,7.25,1
13,BL,2854,Nusshof,100,59,0.8,9,1
13,BL,2892,Oberdorf (BL),100,65,0.6,7.25,1
13,BL,2771,Oberwil (BL),100,50,0.9,8.5,1
13,BL,2855,Oltingen,100,64,0.7,7.5,1
13,BL,2856,Ormalingen,100,59,0.59,7.5,1
13,BL,2772,Pfeffingen,100,45,0.6,7.25,1
13,BL,2831,Pratteln,100,58.5,0.66,7.5,1
13,BL,2832,Ramlinsburg,100,54,0.7,6.75,1
13,BL,2893,Reigoldswil,100,66,0.7,7.25,1
13,BL,2773,Reinach (BL),100,54.5,0.65,7.5,1
13,BL,2857,Rickenbach (BL),100,62,0.55,7.5,1
13,BL,2790,Roggenburg,100,62,0.7,10,0.8
13,BL,2858,Rothenfluh,100,62,0.75,7.5,1
13,BL,2791,Röschenz,100,54,0.7,8,0.8
13,BL,2859,Rümlingen,100,63,0.65,9,1
13,BL,2860,Rünenberg,100,60,0.7,7.5,1
13,BL,2774,Schönenbuch,100,52,1,7.5,1
13,BL,2833,Seltisberg,100,55,0.5,6.75,1
13,BL,2861,Sissach,100,57,0.7,9,1
13,BL,2862,Tecknau,100,60,0.55,7.5,1
13,BL,2863,Tenniken,100,60,0.63,9,1
13,BL,2775,Therwil,100,52,0.9,7,1
13,BL,2864,Thürnen,100,56,0.7,9,1
13,BL,2894,Titterten,100,65,0.7,7.25,1
13,BL,2792,Wahlen,100,56,0.7,7,0.8
13,BL,2895,Waldenburg,100,69.5,0.6,7.25,1
13,BL,2865,Wenslingen,100,58,0.7,7.5,1
13,BL,2866,Wintersingen,100,57,0.8,9,1
13,BL,2867,Wittinsburg,100,63,0.65,9,1
13,BL,2868,Zeglingen,100,64,0.7,7.5,1
13,BL,2834,Ziefen,100,63,0.7,6.75,1
13,BL,2869,Zunzgen,100,56,0.63,9,1
13,BL,2793,Zwingen,100,59,0.7,9,0.8
14,SH,2931,Bargen (SH),89,104,11,13,12.5
14,SH,2951,Beggingen,89,117,12,15,12.5
14,SH,2932,Beringen,89,91,12,15,12.5
14,SH,2961,Buch (SH),89,96,12,15,12.5
14,SH,2933,Buchberg,89,65,11,15,12.5
14,SH,2914,Büttenhardt,89,85,11,13,12.5
14,SH,2915,Dörflingen,89,83,12,13,12.5
14,SH,2901,Gächlingen,89,107,13,14,12.5
14,SH,2971,Hallau,89,112,10,14,12.5
14,SH,2962,Hemishofen,89,103,12.5,14,12.5
14,SH,2917,Lohn (SH),89,95,11,13,12.5
14,SH,2903,Löhningen,89,89,10,15,12.5
14,SH,2936,Merishausen,89,110,11,13,12.5
14,SH,2937,Neuhausen am Rheinfall,89,96,13,15,12.5
14,SH,2904,Neunkirch,89,99,10,14,12.5
14,SH,2972,Oberhallau,89,117,12,14,12.5
14,SH,2963,Ramsen,89,95,14,15,12.5
14,SH,2938,Rüdlingen,89,75,11,15,12.5
14,SH,2939,Schaffhausen,89,93,13,13,12.5
14,SH,2952,Schleitheim,89,115,10,15,12.5
14,SH,2953,Siblingen,89,105,12,15,12.5
14,SH,2964,Stein am Rhein,89,95,12.5,14,12.5
14,SH,2919,Stetten (SH),89,61,11,13,12.5
14,SH,2920,Thayngen,89,92,10,13,12.5
14,SH,2973,Trasadingen,89,117,11,14,12.5
14,SH,2974,Wilchingen,89,112,11,14,12.5
15,AR,3021,Bühler,330,390,80,50,0
15,AR,3022,Gais,330,335,55,60,0
15,AR,3031,Grub (AR),330,400,75,45,0
15,AR,3032,Heiden,330,370,60,45,0
15,AR,3001,Herisau,330,410,60,43,0
15,AR,3002,Hundwil,330,470,75,45,0
15,AR,3033,Lutzenberg,330,350,72,74,0
15,AR,3034,Rehetobel,330,420,70,45,0
15,AR,3035,Reute (AR),330,370,75,57,0
15,AR,3004,Schwellbrunn,330,420,60,43,0
15,AR,3003,Schönengrund,330,370,60,78,0
15,AR,3023,Speicher,330,360,60,60,0
15,AR,3005,Stein (AR),330,370,70,56,0
15,AR,3024,Teufen (AR),330,260,50,50,0
15,AR,3025,Trogen,330,450,75,60,0
15,AR,3006,Urnäsch,330,420,65,45,0
15,AR,3036,Wald (AR),330,410,60,60,0
15,AR,3007,Waldstatt,330,410,60,43,0
15,AR,3037,Walzenhausen,330,320,70,45,0
15,AR,3038,Wolfhalden,330,390,75,74,0
16,AI,3101,Appenzell,96,58,10,10,0
16,AI,3102,Gonten,96,76,10,19,0
16,AI,3111,Oberegg,96,99,24,19,0
16,AI,3104,Schlatt-Haslen,96,82,10,18,0
16,AI,3112,Schwende-Rüte,96,86,10,13,0
17,SG,3251,Altstätten,105,119,28,19,24
17,SG,3311,Amden,105,112,26,25,24
17,SG,3441,Andwil (SG),105,113,22,23,24
17,SG,3231,Au (SG),105,89,25,21,24
17,SG,3291,Bad Ragaz,105,92,22,17,24
17,SG,3232,Balgach,105,61,25,17,24
17,SG,3312,Benken (SG),105,119,24,24,24
17,SG,3211,Berg (SG),105,126,18,24,24
17,SG,3233,Berneck,105,95,25,20,24
17,SG,3271,Buchs (SG),105,118,25,18,24
17,SG,3395,Bütschwil-Ganterschwil,105,119,28,24,24
17,SG,3401,Degersheim,105,147,28,25,24
17,SG,3234,Diepoldsau,105,81,23,19,24
17,SG,3352,Ebnat-Kappel,105,139,28,19,24
17,SG,3212,Eggersriet,105,120,24,24,24
17,SG,3252,Eichberg,105,104,28,19,24
17,SG,3342,Eschenbach (SG),105,119,24,24,24
17,SG,3402,Flawil,105,127,27,25,24
17,SG,3292,Flums,105,125,24,24,24
17,SG,3442,Gaiserwald,105,103,20,21,24
17,SG,3272,Gams,105,118,27,24,24
17,SG,3213,Goldach,105,91,25,22,24
17,SG,3341,Gommiswald,105,108,24,23,24
17,SG,3443,Gossau (SG),105,116,22,20,24
17,SG,3273,Grabs,105,100,27,18,24
17,SG,3201,Häggenschwil,105,115,18,24,24
17,SG,3405,Jonschwil,105,117,25,24,24
17,SG,3313,Kaltbrunn,105,106,24,21,24
17,SG,3392,Kirchberg (SG),105,120,26,24,24
17,SG,3374,Lichtensteig,105,129,28,24,24
17,SG,3393,Lütisburg,105,115,28,24,24
17,SG,3253,Marbach (SG),105,107,28,26,24
17,SG,3293,Mels,105,133,22,20,24
17,SG,3394,Mosnang,105,129,28,24,24
17,SG,3202,Muolen,105,123,20,24,24
17,SG,3214,Mörschwil,105,70,25,16,24
17,SG,3396,Neckertal,105,120,28,26,24
17,SG,3360,Nesslau,105,119,28,22,24
17,SG,3422,Niederbüren,105,126,28,24,24
17,SG,3423,Niederhelfenschwil,105,104,24,24,24
17,SG,3424,Oberbüren,105,100,25,27,24
17,SG,3254,Oberriet (SG),105,99,28,25,24
17,SG,3407,Oberuzwil,105,117,25,24,24
17,SG,3294,Pfäfers,105,139,22,24,24
17,SG,3295,Quarten,105,107,24,25,24
17,SG,3340,Rapperswil-Jona,105,74,20,19,24
17,SG,3255,Rebstein,105,101,28,24,24
17,SG,3235,Rheineck,105,113,28,25,24
17,SG,3215,Rorschach,105,129,28,22,24
17,SG,3216,Rorschacherberg,105,93,28,22,24
17,SG,3256,Rüthi (SG),105,115,28,26,24
17,SG,3296,Sargans,105,134,22,21,24
17,SG,3338,Schmerikon,105,113,24,23,24
17,SG,3315,Schänis,105,125,22.5,25,24
17,SG,3274,Sennwald,105,75,28,16,24
17,SG,3275,Sevelen,105,110,27,20,24
17,SG,3203,St. Gallen,105,141,25,26,24
17,SG,3236,St. Margrethen,105,102,28,24,24
17,SG,3217,Steinach,105,115,25,26,24
17,SG,3237,Thal,105,89,28,24,24
17,SG,3218,Tübach,105,79,25,24,24
17,SG,3219,Untereggen,105,119,25,22,24
17,SG,3339,Uznach,105,112,24,23,24
17,SG,3408,Uzwil,105,127,25,23,24
17,SG,3297,Vilters-Wangs,105,125,22,24,24
17,SG,3444,Waldkirch,105,122,28,26,24
17,SG,3298,Walenstadt,105,115,24,24,24
17,SG,3276,Wartau,105,150,28,24,24
17,SG,3379,Wattwil,105,132,28,26,24
17,SG,3316,Weesen,105,115,26,26,24
17,SG,3238,Widnau,105,76,23,17,24
17,SG,3427,Wil (SG),105,118,23,22,24
17,SG,3359,Wildhaus-Alt St. Johann,105,123,28,26,24
17,SG,3204,Wittenbach,105,128,25,25,24
17,SG,3426,Zuzwil (SG),105,77,23,21,24
18,GR,3542,Albula/Alvra,100,100,20.5,15,0
18,GR,3701,Andeer,100,90,20.5,16,0
18,GR,3921,Arosa,100,90,16.5,11,0
18,GR,3681,Avers,100,110,20.5,16,0
18,GR,3544,Bergün Filisur,100,115,20.5,15,0
18,GR,3781,Bever,100,70,14,7,0
18,GR,3721,Bonaduz,100,84,15.5,11,0
18,GR,3792,Bregaglia,100,90,20.5,15,0
18,GR,3981,Breil/Brigels,100,90,20.5,15,0
18,GR,3551,Brusio,100,85,20.5,15,0
18,GR,3804,Buseno,100,100,20.5,13,0
18,GR,3837,Calanca,100,100,20.5,5,0
18,GR,3831,Cama,100,80,20.5,7,0
18,GR,3805,Castaneda,100,90,20.5,13,0
18,GR,3661,Cazis,100,115,20.5,15,0
18,GR,3782,Celerina/Schlarigna,100,50,14,6,0
18,GR,3901,Chur,100,88,14.5,10,0
18,GR,3911,Churwalden,100,90,20.5,15,0
18,GR,3881,Conters im Prättigau,100,70,20.5,13.2,0
18,GR,3851,Davos,100,103,16.5,13,0
18,GR,3982,Disentis/Mustér,100,110,20.5,12,0
18,GR,3722,Domat/Ems,100,87,17,12,0
18,GR,3673,Domleschg,100,110,20.5,10,0
18,GR,3572,Falera,100,75,15,13,0
18,GR,3731,Felsberg,100,95,17,12,0
18,GR,3713,Ferrera,100,70,20.5,16,0
18,GR,3861,Fideris,100,100,20.5,13,0
18,GR,3662,Flerden,100,120,21.5,15,0
18,GR,3732,Flims,100,70,13.5,14,0
18,GR,3951,Fläsch,100,70,16.5,15,0
18,GR,3862,Furna,100,130,21.5,13,0
18,GR,3633,Fürstenau,100,100,20.5,10,0
18,GR,3832,Grono,100,90,20.5,10,0
18,GR,3961,Grüsch,100,90,20.5,13,0
18,GR,3619,Ilanz/Glion,100,100,20.5,17,0
18,GR,3863,Jenaz,100,100,20.5,13,0
18,GR,3952,Jenins,100,93,18,15,0
18,GR,3871,Klosters,100,90.2,17,13.2,0
18,GR,3882,Küblis,100,110,20.5,13.2,0
18,GR,3785,La Punt Chamues-ch,100,49,14,6,0
18,GR,3575,Laax,100,40,15,10,0
18,GR,3955,Landquart,100,95,18.5,15,0
18,GR,3513,Lantsch/Lenz,100,75,13,15,0
18,GR,3821,Lostallo,100,80,20.5,9,0
18,GR,3618,Lumnezia,100,90,20.5,15,0
18,GR,3891,Luzein,100,85,20.5,13.2,0
18,GR,3783,Madulain,100,85,14,6,0
18,GR,3953,Maienfeld,100,70,13.5,15,0
18,GR,3954,Malans,100,75,14.5,15,0
18,GR,3663,Masein,100,120,20.5,15,0
18,GR,3983,Medel (Lucmagn),100,70,20.5,15,0
18,GR,3822,Mesocco,100,87,20.5,11.5,0
18,GR,3715,Muntogna da Schons,100,100,20.5,16,0
18,GR,3988,Obersaxen Mundaun,100,100,15.5,16,0
18,GR,3784,Pontresina,100,75,14,12,0
18,GR,3561,Poschiavo,100,95,20.5,15,0
18,GR,3714,Rheinwald,100,100,20.5,16,0
18,GR,3723,Rhäzüns,100,120,15.5,16,0
18,GR,3711,Rongellen,100,30,20.5,16,0
18,GR,3808,Rossa,100,80,20.5,13,0
18,GR,3637,Rothenbrunnen,100,80,20.5,10,0
18,GR,3834,Roveredo (GR),100,105,20.5,9,0
18,GR,3788,S-chanf,100,65,14,6,0
18,GR,3672,Safiental,100,105,20.5,11,0
18,GR,3581,Sagogn,100,80,15,18,0
18,GR,3786,Samedan,100,85,14,7,0
18,GR,3752,Samnaun,100,100,20.5,15,0
18,GR,3835,San Vittore,100,75,20.5,7,0
18,GR,3810,Santa Maria in Calanca,100,100,20.5,15,0
18,GR,3638,Scharans,100,90,20.5,10,0
18,GR,3962,Schiers,100,109,20.5,13,0
18,GR,3582,Schluein,100,50,20.5,13,0
18,GR,3514,Schmitten (GR),100,100,20.5,15,0
18,GR,3762,Scuol,100,100,18.5,15,0
18,GR,3972,Seewis im Prättigau,100,110,20.5,13,0
18,GR,3640,Sils im Domleschg,100,110,20.5,15,0
18,GR,3789,Sils im Engadin/Segl,100,70,14,6,0
18,GR,3790,Silvaplana,100,62,14,6,0
18,GR,3823,Soazza,100,60,20.5,13,0
18,GR,3787,St. Moritz,100,60,14,6,0
18,GR,3695,Sufers,100,75,20.5,16,0
18,GR,3985,Sumvitg,100,105,20.5,18,0
18,GR,3543,Surses,100,90,20.5,15,0
18,GR,3733,Tamins,100,100,15.5,11,0
18,GR,3668,Thusis,100,115,20.5,15,0
18,GR,3945,Trimmis,100,85,20.5,14,0
18,GR,3734,Trin,100,100,20.5,14,0
18,GR,3987,Trun,100,95,20.5,15,0
18,GR,3669,Tschappina,100,100,21.5,15,0
18,GR,3932,Tschiertschen-Praden,100,120,20.5,10,0
18,GR,3986,Tujetsch,100,95,20.5,15,0
18,GR,3946,Untervaz,100,90,20.5,13,0
18,GR,3670,Urmein,100,70,21.5,15,0
18,GR,3847,Val Müstair,100,120,20.5,16,0
18,GR,3603,Vals,100,100,20.5,15,0
18,GR,3764,Valsot,100,95,20.5,5,0
18,GR,3506,Vaz/Obervaz,100,70,13,15,0
18,GR,3746,Zernez,100,84,18.5,15,0
18,GR,3712,Zillis-Reischen,100,70,20.5,16,0
18,GR,3947,Zizers,100,80,20,11,0
18,GR,3791,Zuoz,100,65,14,6,0
19,AG,4001,Aarau,112,96,15,18,23
19,AG,4271,Aarburg,112,118,25,19,19
19,AG,4221,Abtwil,112,115,17,20,23
19,AG,4191,Ammerswil,112,105,18,18,23
19,AG,4222,Aristau,112,109,17,23,23
19,AG,4061,Arni (AG),112,83,14,13,20
19,AG,4091,Auenstein,112,93,20,18,23
19,AG,4223,Auw,112,108,17,19,23
19,AG,4021,Baden,112,92,18,18,20
19,AG,4224,Beinwil (Freiamt),112,103,17,26,23
19,AG,4131,Beinwil am See,112,102,18,17,23
19,AG,4022,Bellikon,112,89,20,20,20
19,AG,4023,Bergdietikon,112,84,17,17,20
19,AG,4062,Berikon,112,89,20,17,20
19,AG,4226,Besenbüren,112,113,17,27,23
19,AG,4227,Bettwil,112,102,16,22,23
19,AG,4002,Biberstein,112,92,15,18,23
19,AG,4024,Birmenstorf (AG),112,98,21,20,20
19,AG,4092,Birr,112,117,19,20,20
19,AG,4093,Birrhard,112,109,19,20,20
19,AG,4132,Birrwil,112,95,21,17,23
19,AG,4192,Boniswil,112,107,16,18,23
19,AG,4228,Boswil,112,101,17,20,23
19,AG,4273,Bottenwil,112,119,17,18,19
19,AG,4063,Bremgarten (AG),112,94,20,23,20
19,AG,4274,Brittnau,112,114,21,18,19
19,AG,4095,Brugg,112,97,16,20,20
19,AG,4193,Brunegg,112,105,19,18,23
19,AG,4003,Buchs (AG),112,108,20,18,23
19,AG,4230,Buttwil,112,102,17,21,23
19,AG,4303,Böttstein,112,107,24,20,20
19,AG,4124,Bözberg,112,96,20,20,20
19,AG,4185,Böztal,112,114,23,25,22
19,AG,4229,Bünzen,112,110,17,27,23
19,AG,4064,Büttikon,112,96,18,18,23
19,AG,4004,Densbüren,112,117,23,18,23
19,AG,4231,Dietwil,112,104,17,23,23
19,AG,4194,Dintikon,112,98,18,18,23
19,AG,4065,Dottikon,112,97,18,20,23
19,AG,4304,Döttingen,112,110,24,21,20
19,AG,4134,Dürrenäsch,112,118,23,18,23
19,AG,4066,Eggenwil,112,106,20,18,20
19,AG,4195,Egliswil,112,105,16,18,23
19,AG,4049,Ehrendingen,112,108,18,19,20
19,AG,4161,Eiken,112,111,20,15,22
19,AG,4305,Endingen,112,111,19,24,20
19,AG,4026,Ennetbaden,112,92,18,18,20
19,AG,4005,Erlinsbach (AG),112,89,20,18,23
19,AG,4196,Fahrwangen,112,118,16,15,23
19,AG,4067,Fischbach-Göslikon,112,99,20,23,20
19,AG,4306,Fisibach,112,115,16,22,20
19,AG,4027,Fislisbach,112,109,20,19,20
19,AG,4028,Freienwil,112,109,18,21,20
19,AG,4163,Frick,112,102,20,22,22
19,AG,4307,Full-Reuenthal,112,125,22,20,20
19,AG,4164,Gansingen,112,120,23,24,22
19,AG,4029,Gebenstorf,112,108,21,20,20
19,AG,4232,Geltwil,112,50,17,21,23
19,AG,4165,Gipf-Oberfrick,112,99,20,22,22
19,AG,4135,Gontenschwil,112,112,21,17,23
19,AG,4006,Gränichen,112,111,20,18,23
19,AG,4099,Habsburg,112,82,18,20,20
19,AG,4197,Hallwil,112,127,16,18,23
19,AG,4100,Hausen (AG),112,110,18,20,20
19,AG,4251,Hellikon,112,120,22,22,28
19,AG,4198,Hendschiken,112,125,17,18,23
19,AG,4186,Herznach-Ueken,112,110,20,20,22
19,AG,4007,Hirschthal,112,105,17,18,23
19,AG,4199,Holderbank (AG),112,95,18,18,23
19,AG,4136,Holziken,112,106,17,18,23
19,AG,4200,Hunzenschwil,112,99,19,18,23
19,AG,4068,Hägglingen,112,111,18,20,23
19,AG,4084,Islisberg,112,92,14,13,20
19,AG,4071,Jonen,112,87,14,20,20
19,AG,4252,Kaiseraugst,112,65,16,18,25
19,AG,4169,Kaisten,112,105,23,24,22
19,AG,4233,Kallern,112,102,17,20,23
19,AG,4030,Killwangen,112,105,21,19,20
19,AG,4275,Kirchleerau,112,123,23,18,23
19,AG,4309,Klingnau,112,114,24,19,20
19,AG,4310,Koblenz,112,118,22,25,20
19,AG,4276,Kölliken,112,114,21,18,23
19,AG,4031,Künten,112,104,20,21,20
19,AG,4008,Küttigen,112,100,15,18,23
19,AG,4170,Laufenburg,112,108,23,24,22
19,AG,4311,Leibstadt,112,102,22,20,20
19,AG,4137,Leimbach (AG),112,122,19,17,23
19,AG,4312,Lengnau (AG),112,103,19,21,20
19,AG,4201,Lenzburg,112,105,17,18,23
19,AG,4313,Leuggern,112,107,23,20,20
19,AG,4138,Leutwil,112,121,23,18,23
19,AG,4104,Lupfig,112,110,19,20,20
19,AG,4253,Magden,112,95,16,18,20
19,AG,4105,Mandach,112,117,23,20,22
19,AG,4202,Meisterschwanden,112,60,16,15,23
19,AG,4314,Mellikon,112,127,23,25,20
19,AG,4033,Mellingen,112,110,20,21,20
19,AG,4139,Menziken,112,118,19,17,23
19,AG,4234,Merenschwand,112,96,17,18,23
19,AG,4184,Mettauertal,112,109,23,24,22
19,AG,4277,Moosleerau,112,123,23,18,23
19,AG,4009,Muhen,112,112,18,18,23
19,AG,4255,Mumpf,112,119,16,22,26
19,AG,4279,Murgenthal,112,115,23,19,19
19,AG,4236,Muri (AG),112,102,17,21,23
19,AG,4032,Mägenwil,112,113,20,22,20
19,AG,4254,Möhlin,112,115,18,20,22
19,AG,4106,Mönthal,112,115,20,20,20
19,AG,4203,Möriken-Wildegg,112,94,18,18,23
19,AG,4235,Mühlau,112,117,17,22,23
19,AG,4107,Mülligen,112,109,18,20,20
19,AG,4172,Münchwilen (AG),112,113,16,15,22
19,AG,4034,Neuenhof,112,112,18,20,20
19,AG,4204,Niederlenz,112,117,20,18,23
19,AG,4035,Niederrohrdorf,112,97,20,18,20
19,AG,4072,Niederwil (AG),112,103,20,19,20
19,AG,4010,Oberentfelden,112,110,19,18,23
19,AG,4173,Oberhof,112,125,20,24,22
19,AG,4140,Oberkulm,112,119,19,17,23
19,AG,4073,Oberlunkhofen,112,74,14,13,20
19,AG,4256,Obermumpf,112,122,16,24,26
19,AG,4037,Oberrohrdorf,112,85,20,18,20
19,AG,4237,Oberrüti,112,114,17,21,23
19,AG,4038,Obersiggenthal,112,110,18,19,20
19,AG,4074,Oberwil-Lieli,112,48,20,14,20
19,AG,4175,Oeschgen,112,114,20,25,22
19,AG,4280,Oftringen,112,113,22,19,19
19,AG,4257,Olsberg,112,92,16,18,20
19,AG,4205,Othmarsingen,112,107,17,18,23
19,AG,4141,Reinach (AG),112,115,19,17,23
19,AG,4281,Reitnau,112,122,23,18,23
19,AG,4039,Remetschwil,112,92,20,18,20
19,AG,4110,Remigen,112,98,16,20,20
19,AG,4258,Rheinfelden,112,90,16,18,25
19,AG,4111,Riniken,112,119,19,20,20
19,AG,4282,Rothrist,112,110,18,19,19
19,AG,4238,Rottenschwil,112,99,14,13,23
19,AG,4075,Rudolfstetten-Friedlisberg,112,95,20,17,20
19,AG,4206,Rupperswil,112,97,20,18,23
19,AG,4112,Rüfenach,112,118,16,20,20
19,AG,4283,Safenwil,112,115,21,18,23
19,AG,4076,Sarmenstorf,112,105,16,20,23
19,AG,4207,Schafisheim,112,99,20,18,23
19,AG,4125,Schinznach,112,110,19,20,20
19,AG,4142,Schlossrued,112,120,25,18,23
19,AG,4143,Schmiedrued,112,120,25,18,23
19,AG,4318,Schneisingen,112,112,9,20,20
19,AG,4259,Schupfart,112,110,20,22,26
19,AG,4176,Schwaderloch,112,123,23,25,22
19,AG,4144,Schöftland,112,97,17,18,23
19,AG,4208,Seengen,112,72,16,15,23
19,AG,4209,Seon,112,108,19,18,23
19,AG,4319,Siglistorf,112,121,9,20,20
19,AG,4239,Sins,112,98,17,20,23
19,AG,4177,Sisseln,112,80,16,15,22
19,AG,4040,Spreitenbach,112,100,21,19,20
19,AG,4284,Staffelbach,112,119,17,18,23
19,AG,4210,Staufen,112,82,20,18,23
19,AG,4260,Stein (AG),112,88,16,16,22
19,AG,4041,Stetten (AG),112,99,20,20,20
19,AG,4285,Strengelbach,112,103,18,18,19
19,AG,4012,Suhr,112,112,19,18,23
19,AG,4320,Tegerfelden,112,107,19,24,20
19,AG,4145,Teufenthal (AG),112,122,19,17,23
19,AG,4117,Thalheim (AG),112,109,24,20,20
19,AG,4042,Turgi,112,113,21,20,20
19,AG,4077,Tägerig,112,127,20,24,20
19,AG,4286,Uerkheim,112,119,21,18,23
19,AG,4078,Uezwil,112,106,18,20,23
19,AG,4013,Unterentfelden,112,113,22,18,23
19,AG,4146,Unterkulm,112,115,19,17,23
19,AG,4079,Unterlunkhofen,112,69,14,13,20
19,AG,4044,Untersiggenthal,112,105,18,19,20
19,AG,4120,Veltheim (AG),112,105,19,20,20
19,AG,4121,Villigen,112,87,16,20,20
19,AG,4080,Villmergen,112,102,18,18,23
19,AG,4122,Villnachern,112,120,19,20,20
19,AG,4287,Vordemwald,112,117,18,18,19
19,AG,4261,Wallbach,112,95,16,21,26
19,AG,4240,Waltenschwil,112,106,18,20,23
19,AG,4262,Wegenstetten,112,118,22,22,28
19,AG,4045,Wettingen,112,95,18,19,20
19,AG,4081,Widen,112,75,20,18,20
19,AG,4288,Wiliberg,112,109,23,18,19
19,AG,4123,Windisch,112,115,18,20,20
19,AG,4181,Wittnau,112,119,20,24,22
19,AG,4082,Wohlen (AG),112,113,18,17,23
19,AG,4046,Wohlenschwil,112,116,20,22,20
19,AG,4182,Wölflinswil,112,125,20,24,22
19,AG,4047,Würenlingen,112,100,16,20,20
19,AG,4048,Würenlos,112,101,17,16,20
19,AG,4183,Zeihen,112,114,23,25,22
19,AG,4263,Zeiningen,112,112,22,19,28
19,AG,4147,Zetzwil,112,118,21,17,23
19,AG,4289,Zofingen,112,99,18,18,19
19,AG,4083,Zufikon,112,85,20,20,20
19,AG,4324,Zurzach,112,115,23,25,20
19,AG,4264,Zuzgen,112,119,22,25,28
20,TG,4551,Aadorf,109,151,19,19,0
20,TG,4711,Affeltrangen,109,142,26,24,0
20,TG,4641,Altnau,109,143,21,14,0
20,TG,4881,Amlikon-Bissegg,109,159,18,22,0
20,TG,4461,Amriswil,109,156,22,19,0
20,TG,4401,Arbon,109,177,20,18,0
20,TG,4536,Basadingen-Schlattingen,109,143,28,18,0
20,TG,4891,Berg (TG),109,137,21,24,0
20,TG,4801,Berlingen,109,129,24,19,0
20,TG,4716,Bettwiesen,109,129,26,25,0
20,TG,4721,Bichelsee-Balterswil,109,150,25,24,0
20,TG,4901,Birwinken,109,152,27,24,0
20,TG,4471,Bischofszell,109,158,28,24,0
20,TG,4643,Bottighofen,109,92,9,14,0
20,TG,4723,Braunau,109,143,26,24,0
20,TG,4921,Bussnang,109,135,18,22,0
20,TG,4911,Bürglen (TG),109,158,25,21,0
20,TG,4545,Diessenhofen,109,140,22,20,0
20,TG,4406,Dozwil,109,122,23,23,0
20,TG,4411,Egnach,109,150,20,20,0
20,TG,4476,Erlen,109,148,25,21,0
20,TG,4646,Ermatingen,109,106,15,15,0
20,TG,4806,Eschenz,109,142,17,21,0
20,TG,4724,Eschlikon,109,144,20,17,0
20,TG,4561,Felben-Wellhausen,109,139,18,16,0
20,TG,4726,Fischingen,109,155,27,27,0
20,TG,4566,Frauenfeld,109,144,16,16,0
20,TG,4571,Gachnang,109,132,15,16,0
20,TG,4651,Gottlieben,109,131,24,15,0
20,TG,4656,Güttingen,109,142,27,14,0
20,TG,4486,Hauptwil-Gottshaus,109,145,28,24,0
20,TG,4416,Hefenhofen,109,159,25,22,0
20,TG,4811,Herdern,109,145,20,16,0
20,TG,4495,Hohentannen,109,143,25,21,0
20,TG,4816,Homburg,109,156,25,28,0
20,TG,4421,Horn,109,99,22,18,0
20,TG,4590,Hüttlingen,109,155,30,20,0
20,TG,4821,Hüttwilen,109,137,20,16,0
20,TG,4666,Kemmental,109,151,22,15,0
20,TG,4426,Kesswil,109,125,23,14,0
20,TG,4501,Kradolf-Schönenberg,109,148,25,21,0
20,TG,4671,Kreuzlingen,109,132,16,15,0
20,TG,4681,Langrickenbach,109,149,27,14,0
20,TG,4683,Lengwil,109,133,23,15,0
20,TG,4741,Lommis,109,139,27,20,0
20,TG,4826,Mammern,109,124,24,21,0
20,TG,4591,Matzingen,109,151,26,19,0
20,TG,4941,Märstetten,109,151,25,17,0
20,TG,4831,Müllheim,109,140,19,20,0
20,TG,4746,Münchwilen (TG),109,154,20,17,0
20,TG,4691,Münsterlingen,109,117,21,14,0
20,TG,4601,Neunforn,109,119,20,16,0
20,TG,4841,Pfyn,109,157,24,24,0
20,TG,4846,Raperswilen,109,159,25,28,0
20,TG,4751,Rickenbach (TG),109,143,23,22,0
20,TG,4431,Roggwil (TG),109,144,18,18,0
20,TG,4436,Romanshorn,109,161,25,22,0
20,TG,4851,Salenstein,109,115,15,15,0
20,TG,4441,Salmsach,109,154,25,22,0
20,TG,4546,Schlatt (TG),109,141,23,15,0
20,TG,4756,Schönholzerswilen,109,151,30,22,0
20,TG,4761,Sirnach,109,142,21,17,0
20,TG,4446,Sommeri,109,148,22,23,0
20,TG,4864,Steckborn,109,121,21,19,0
20,TG,4606,Stettfurt,109,143,23,19,0
20,TG,4506,Sulgen,109,143,25,21,0
20,TG,4611,Thundorf,109,152,28,16,0
20,TG,4776,Tobel-Tägerschen,109,147,26,24,0
20,TG,4696,Tägerwilen,109,117,24,15,0
20,TG,4616,Uesslingen-Buch,109,137,26,16,0
20,TG,4451,Uttwil,109,117,17,22,0
20,TG,4871,Wagenhausen,109,151,30,21,0
20,TG,4621,Warth-Weiningen,109,84,20,16,0
20,TG,4946,Weinfelden,109,137,15,17,0
20,TG,4951,Wigoltingen,109,158,25,20,0
20,TG,4786,Wilen (TG),109,137,23,22,0
20,TG,4791,Wuppenau,109,146,30,29,0
20,TG,4701,Wäldi,109,136,32,15,0
20,TG,4781,Wängi,109,142,25,19,0
20,TG,4511,Zihlschlacht-Sitterdorf,109,155,26,24,0
21,TI,5048,Acquarossa,97,95,0,0,0
21,TI,5141,Agno,97,82,0,0,0
21,TI,5061,Airolo,97,88,0,0,0
21,TI,5237,Alto Malcantone,97,90,0,0,0
21,TI,5143,Aranno,97,90,0,0,0
21,TI,5001,Arbedo-Castione,97,91,0,0,0
21,TI,5144,Arogno,97,95,0,0,0
21,TI,5091,Ascona,97,75,0,0,0
21,TI,5146,Astano,97,100,0,0,0
21,TI,5324,Avegno Gordevio,97,95,0,0,0
21,TI,5242,Balerna,97,80,0,0,0
21,TI,5148,Bedano,97,78,0,0,0
21,TI,5149,Bedigliora,97,100,0,0,0
21,TI,5063,Bedretto,97,60,0,0,0
21,TI,5002,Bellinzona,97,93,0,0,0
21,TI,5281,Biasca,97,95,0,0,0
21,TI,5151,Bioggio,97,65,0,0,0
21,TI,5154,Bissone,97,69,0,0,0
21,TI,5049,Blenio,97,90,0,0,0
21,TI,5064,Bodio,97,100,0,0,0
21,TI,5304,Bosco/Gurin,97,100,0,0,0
21,TI,5269,Breggia,97,95,0,0,0
21,TI,5096,Brione sopra Minusio,97,78,0,0,0
21,TI,5097,Brissago,97,85,0,0,0
21,TI,5160,Brusino Arsizio,97,82,0,0,0
21,TI,5161,Cademario,97,95,0,0,0
21,TI,5162,Cadempino,97,65,0,0,0
21,TI,5003,Cadenazzo,97,88,0,0,0
21,TI,5307,Campo (Vallemaggia),97,75,0,0,0
21,TI,5167,Canobbio,97,78,0,0,0
21,TI,5226,Capriasca,97,94,0,0,0
21,TI,5171,Caslano,97,85,0,0,0
21,TI,5249,Castel San Pietro,97,55,0,0,0
21,TI,5397,Centovalli,97,95,0,0,0
21,TI,5309,Cerentino,97,100,0,0,0
21,TI,5310,Cevio,97,90,0,0,0
21,TI,5250,Chiasso,97,88,0,0,0
21,TI,5251,Coldrerio,97,80,0,0,0
21,TI,5236,Collina d'Oro,97,60,0,0,0
21,TI,5176,Comano,97,75,0,0,0
21,TI,5138,Cugnasco-Gerra,97,86,0,0,0
21,TI,5180,Cureglia,97,65,0,0,0
21,TI,5181,Curio,97,100,0,0,0
21,TI,5071,Dalpe,97,70,0,0,0
21,TI,5072,Faido,97,94,0,0,0
21,TI,5398,Gambarogno,97,85,0,0,0
21,TI,5073,Giornico,97,95,0,0,0
21,TI,5108,Gordola,97,88,0,0,0
21,TI,5186,Grancia,97,75,0,0,0
21,TI,5187,Gravesano,97,70,0,0,0
21,TI,5009,Isone,97,92,0,0,0
21,TI,5189,Lamone,97,90,0,0,0
21,TI,5112,Lavertezzo,97,100,0,0,0
21,TI,5323,Lavizzara,97,90,0,0,0
21,TI,5315,Linescio,97,65,0,0,0
21,TI,5113,Locarno,97,90,0,0,0
21,TI,5115,Losone,97,90,0,0,0
21,TI,5192,Lugano,97,77,0,0,0
21,TI,5010,Lumino,97,90,0,0,0
21,TI,5317,Maggia,97,90,0,0,0
21,TI,5193,Magliaso,97,75,0,0,0
21,TI,5194,Manno,97,65,0,0,0
21,TI,5196,Massagno,97,77,0,0,0
21,TI,5198,Melide,97,70,0,0,0
21,TI,5254,Mendrisio,97,77,0,0,0
21,TI,5117,Mergoscia,97,100,0,0,0
21,TI,5199,Mezzovico-Vira,97,60,0,0,0
21,TI,5200,Miglieglia,97,100,0,0,0
21,TI,5118,Minusio,97,78,0,0,0
21,TI,5238,Monteceneri,97,92,0,0,0
21,TI,5257,Morbio Inferiore,97,84,0,0,0
21,TI,5203,Morcote,97,80,0,0,0
21,TI,5120,Muralto,97,78,0,0,0
21,TI,5205,Muzzano,97,75,0,0,0
21,TI,5206,Neggio,97,90,0,0,0
21,TI,5207,Novaggio,97,95,0,0,0
21,TI,5260,Novazzano,97,65,0,0,0
21,TI,5136,Onsernone,97,95,0,0,0
21,TI,5208,Origlio,97,70,0,0,0
21,TI,5121,Orselina,97,75,0,0,0
21,TI,5210,Paradiso,97,62,0,0,0
21,TI,5076,Personico,97,90,0,0,0
21,TI,5077,Pollegio,97,95,0,0,0
21,TI,5212,Ponte Capriasca,97,85,0,0,0
21,TI,5214,Porza,97,56,0,0,0
21,TI,5078,Prato (Leventina),97,90,0,0,0
21,TI,5216,Pura,97,87,0,0,0
21,TI,5079,Quinto,97,95,0,0,0
21,TI,5263,Riva San Vitale,97,80,0,0,0
21,TI,5287,Riviera,97,95,0,0,0
21,TI,5125,Ronco sopra Ascona,97,75,0,0,0
21,TI,5017,Sant'Antonino,97,70,0,0,0
21,TI,5221,Savosa,97,75,0,0,0
21,TI,5050,Serravalle,97,93,0,0,0
21,TI,5225,Sorengo,97,65,0,0,0
21,TI,5266,Stabio,97,65,0,0,0
21,TI,5131,Tenero-Contra,97,93,0,0,0
21,TI,5396,Terre di Pedemonte,97,85,0,0,0
21,TI,5227,Torricella-Taverne,97,85,0,0,0
21,TI,5239,Tresa,97,85,0,0,0
21,TI,5268,Vacallo,97,87,0,0,0
21,TI,5240,Val Mara,97,80,0,0,0
21,TI,5230,Vernate,97,80,0,0,0
21,TI,5399,Verzasca,97,95,0,0,0
21,TI,5231,Vezia,97,85,0,0,0
21,TI,5233,Vico Morcote,97,65,0,0,0
22,VD,5621,Aclens,155,62,0,0,0
22,VD,5742,Agiez,155,76,0,0,0
22,VD,5401,Aigle,155,66,0,0,0
22,VD,5851,Allaman,155,65,0,0,0
22,VD,5701,Arnex-sur-Nyon,155,70,0,0,0
22,VD,5743,Arnex-sur-Orbe,155,71,0,0,0
22,VD,5702,Arzier-Le Muids,155,64,0,0,0
22,VD,5511,Assens,155,70,0,0,0
22,VD,5422,Aubonne,155,70,0,0,0
22,VD,5451,Avenches,155,65,0,0,0
22,VD,5744,Ballaigues,155,65,0,0,0
22,VD,5423,Ballens,155,73,0,0,0
22,VD,5703,Bassins,155,75,0,0,0
22,VD,5745,Baulmes,155,76.5,0,0,0
22,VD,5746,Bavois,155,72,0,0,0
22,VD,5704,Begnins,155,62.5,0,0,0
22,VD,5581,Belmont-sur-Lausanne,155,72,0,0,0
22,VD,5902,Belmont-sur-Yverdon,155,70,0,0,0
22,VD,5512,Bercher,155,79,0,0,0
22,VD,5424,Berolle,155,75.5,0,0,0
22,VD,5471,Bettens,155,70,0,0,0
22,VD,5402,Bex,155,71,0,0,0
22,VD,5903,Bioley-Magnoux,155,72,0,0,0
22,VD,5425,Bière,155,69,0,0,0
22,VD,5892,Blonay - Saint-Légier,155,68.5,0,0,0
22,VD,5747,Bofflens,155,69,0,0,0
22,VD,5705,Bogis-Bossey,155,72,0,0,0
22,VD,5551,Bonvillars,155,57,0,0,0
22,VD,5706,Borex,155,57,0,0,0
22,VD,5514,Bottens,155,72.5,0,0,0
22,VD,5426,Bougy-Villars,155,64.5,0,0,0
22,VD,5661,Boulens,155,71.5,0,0,0
22,VD,5613,Bourg-en-Lavaux,155,62.5,0,0,0
22,VD,5472,Bournens,155,68,0,0,0
22,VD,5473,Boussens,155,66,0,0,0
22,VD,5622,Bremblens,155,68,0,0,0
22,VD,5515,Bretigny-sur-Morrens,155,78,0,0,0
22,VD,5748,Bretonnières,155,70.5,0,0,0
22,VD,5623,Buchillon,155,52,0,0,0
22,VD,5552,Bullet,155,70,0,0,0
22,VD,5852,Bursinel,155,62,0,0,0
22,VD,5853,Bursins,155,71,0,0,0
22,VD,5854,Burtigny,155,78.5,0,0,0
22,VD,5624,Bussigny,155,62.5,0,0,0
22,VD,5663,Bussy-sur-Moudon,155,78.5,0,0,0
22,VD,5904,Chamblon,155,66,0,0,0
22,VD,5553,Champagne,155,65,0,0,0
22,VD,5812,Champtauroz,155,77,0,0,0
22,VD,5905,Champvent,155,70,0,0,0
22,VD,5882,Chardonne,155,68,0,0,0
22,VD,5707,Chavannes-de-Bogis,155,58,0,0,0
22,VD,5708,Chavannes-des-Bois,155,68,0,0,0
22,VD,5907,Chavannes-le-Chêne,155,75,0,0,0
22,VD,5475,Chavannes-le-Veyron,155,75,0,0,0
22,VD,5627,Chavannes-près-Renens,155,77.5,0,0,0
22,VD,5665,Chavannes-sur-Moudon,155,70,0,0,0
22,VD,5749,Chavornay,155,70.5,0,0,0
22,VD,5909,Cheseaux-Noréaz,155,67,0,0,0
22,VD,5582,Cheseaux-sur-Lausanne,155,73,0,0,0
22,VD,5403,Chessel,155,65,0,0,0
22,VD,5476,Chevilly,155,71,0,0,0
22,VD,5813,Chevroux,155,68.5,0,0,0
22,VD,5601,Chexbres,155,67.5,0,0,0
22,VD,5628,Chigny,155,62,0,0,0
22,VD,5841,Château-d'Oex,155,81.5,0,0,0
22,VD,5709,Chéserex,155,57,0,0,0
22,VD,5908,Chêne-Pâquier,155,75,0,0,0
22,VD,5629,Clarmont,155,72,0,0,0
22,VD,5710,Coinsins,155,51,0,0,0
22,VD,5711,Commugny,155,57,0,0,0
22,VD,5554,Concise,155,75,0,0,0
22,VD,5712,Coppet,155,55,0,0,0
22,VD,5404,Corbeyrier,155,74,0,0,0
22,VD,5785,Corcelles-le-Jorat,155,75,0,0,0
22,VD,5555,Corcelles-près-Concise,155,69,0,0,0
22,VD,5816,Corcelles-près-Payerne,155,65,0,0,0
22,VD,5883,Corseaux,155,67.5,0,0,0
22,VD,5884,Corsier-sur-Vevey,155,64.5,0,0,0
22,VD,5477,Cossonay,155,68,0,0,0
22,VD,5713,Crans (VD),155,59,0,0,0
22,VD,5714,Crassier,155,66.5,0,0,0
22,VD,5583,Crissier,155,63.5,0,0,0
22,VD,5910,Cronay,155,77,0,0,0
22,VD,5752,Croy,155,74,0,0,0
22,VD,5479,Cuarnens,155,76,0,0,0
22,VD,5911,Cuarny,155,77,0,0,0
22,VD,5456,Cudrefin,155,59,0,0,0
22,VD,5516,Cugy (VD),155,76,0,0,0
22,VD,5669,Curtilles,155,73,0,0,0
22,VD,5480,Daillens,155,66,0,0,0
22,VD,5631,Denens,155,65,0,0,0
22,VD,5632,Denges,155,62,0,0,0
22,VD,5481,Dizy,155,75,0,0,0
22,VD,5671,Dompierre (VD),155,78,0,0,0
22,VD,5913,Donneloye,155,73,0,0,0
22,VD,5715,Duillier,155,66,0,0,0
22,VD,5855,Dully,155,53,0,0,0
22,VD,5912,Démoret,155,78,0,0,0
22,VD,5518,Echallens,155,72.5,0,0,0
22,VD,5633,Echandens,155,60.5,0,0,0
22,VD,5634,Echichens,155,66,0,0,0
22,VD,5482,Eclépens,155,46,0,0,0
22,VD,5635,Ecublens (VD),155,62.5,0,0,0
22,VD,5584,Epalinges,155,64.5,0,0,0
22,VD,5914,Ependes (VD),155,73.5,0,0,0
22,VD,5856,Essertines-sur-Rolle,155,66.5,0,0,0
22,VD,5520,Essertines-sur-Yverdon,155,74,0,0,0
22,VD,5521,Etagnières,155,73,0,0,0
22,VD,5636,Etoy,155,60,0,0,0
22,VD,5716,Eysins,155,59.5,0,0,0
22,VD,5458,Faoug,155,65,0,0,0
22,VD,5483,Ferreyres,155,76,0,0,0
22,VD,5522,Fey,155,75,0,0,0
22,VD,5556,Fiez,155,69,0,0,0
22,VD,5557,Fontaines-sur-Grandson,155,69,0,0,0
22,VD,5604,Forel (Lavaux),155,69,0,0,0
22,VD,5717,Founex,155,57,0,0,0
22,VD,5523,Froideville,155,72,0,0,0
22,VD,5427,Féchy,155,64,0,0,0
22,VD,5718,Genolier,155,52,0,0,0
22,VD,5559,Giez,155,66,0,0,0
22,VD,5857,Gilly,155,64.5,0,0,0
22,VD,5428,Gimel,155,73,0,0,0
22,VD,5719,Gingins,155,60,0,0,0
22,VD,5720,Givrins,155,67,0,0,0
22,VD,5721,Gland,155,61,0,0,0
22,VD,5484,Gollion,155,74,0,0,0
22,VD,5541,Goumoëns,155,75.5,0,0,0
22,VD,5485,Grancy,155,70,0,0,0
22,VD,5817,Grandcour,155,73.5,0,0,0
22,VD,5560,Grandevent,155,71,0,0,0
22,VD,5561,Grandson,155,69,0,0,0
22,VD,5722,Grens,155,62,0,0,0
22,VD,5405,Gryon,155,73.5,0,0,0
22,VD,5656,Hautemorges,155,71,0,0,0
22,VD,5819,Henniez,155,69,0,0,0
22,VD,5673,Hermenches,155,73.5,0,0,0
22,VD,5885,Jongny,155,69.5,0,0,0
22,VD,5804,Jorat-Menthue,155,70.5,0,0,0
22,VD,5806,Jorat-Mézières,155,73,0,0,0
22,VD,5585,Jouxtens-Mézery,155,59,0,0,0
22,VD,5754,Juriens,155,79,0,0,0
22,VD,5871,L'Abbaye,155,76,0,0,0
22,VD,5741,L'Abergement,155,80,0,0,0
22,VD,5486,L'Isle,155,75,0,0,0
22,VD,5474,La Chaux (Cossonay),155,76,0,0,0
22,VD,5758,La Praz,155,83,0,0,0
22,VD,5726,La Rippe,155,63.5,0,0,0
22,VD,5498,La Sarraz,155,66,0,0,0
22,VD,5889,La Tour-de-Peilz,155,64,0,0,0
22,VD,5586,Lausanne,155,78.5,0,0,0
22,VD,5406,Lavey-Morcles,155,71.5,0,0,0
22,VD,5637,Lavigny,155,73,0,0,0
22,VD,5872,Le Chenit,155,58.5,0,0,0
22,VD,5873,Le Lieu,155,70,0,0,0
22,VD,5587,Le Mont-sur-Lausanne,155,73.5,0,0,0
22,VD,5731,Le Vaud,155,73,0,0,0
22,VD,5750,Les Clées,155,80,0,0,0
22,VD,5407,Leysin,155,78,0,0,0
22,VD,5755,Lignerolle,155,78.5,0,0,0
22,VD,5638,Lonay,155,55,0,0,0
22,VD,5429,Longirod,155,77.5,0,0,0
22,VD,5674,Lovatens,155,75,0,0,0
22,VD,5675,Lucens,155,69.5,0,0,0
22,VD,5858,Luins,155,58.5,0,0,0
22,VD,5639,Lully (VD),155,61,0,0,0
22,VD,5487,Lussery-Villars,155,75,0,0,0
22,VD,5640,Lussy-sur-Morges,155,61.5,0,0,0
22,VD,5606,Lutry,155,54,0,0,0
22,VD,5790,Maracon,155,74.5,0,0,0
22,VD,5430,Marchissy,155,77.5,0,0,0
22,VD,5919,Mathod,155,72,0,0,0
22,VD,5562,Mauborget,155,70,0,0,0
22,VD,5488,Mauraz,155,77,0,0,0
22,VD,5489,Mex (VD),155,59.5,0,0,0
22,VD,5723,Mies,155,52,0,0,0
22,VD,5821,Missy,155,72,0,0,0
22,VD,5490,Moiry,155,76,0,0,0
22,VD,5431,Mollens (VD),155,74,0,0,0
22,VD,5921,Molondin,155,81,0,0,0
22,VD,5491,Mont-la-Ville,155,76,0,0,0
22,VD,5859,Mont-sur-Rolle,155,63.5,0,0,0
22,VD,5922,Montagny-près-Yverdon,155,64.5,0,0,0
22,VD,5693,Montanaire,155,70,0,0,0
22,VD,5756,Montcherand,155,72,0,0,0
22,VD,5540,Montilliez,155,72.5,0,0,0
22,VD,5792,Montpreveyres,155,75,0,0,0
22,VD,5886,Montreux,155,65,0,0,0
22,VD,5492,Montricher,155,64,0,0,0
22,VD,5642,Morges,155,67,0,0,0
22,VD,5527,Morrens (VD),155,74,0,0,0
22,VD,5678,Moudon,155,72.5,0,0,0
22,VD,5563,Mutrux,155,80,0,0,0
22,VD,5564,Novalles,155,76,0,0,0
22,VD,5408,Noville,155,75,0,0,0
22,VD,5724,Nyon,155,61,0,0,0
22,VD,5680,Ogens,155,78,0,0,0
22,VD,5409,Ollon,155,68,0,0,0
22,VD,5565,Onnens (VD),155,63.5,0,0,0
22,VD,5923,Oppens,155,81,0,0,0
22,VD,5757,Orbe,155,75.5,0,0,0
22,VD,5924,Orges,155,74,0,0,0
22,VD,5410,Ormont-Dessous,155,77,0,0,0
22,VD,5411,Ormont-Dessus,155,76,0,0,0
22,VD,5493,Orny,155,73,0,0,0
22,VD,5805,Oron,155,69,0,0,0
22,VD,5925,Orzens,155,79,0,0,0
22,VD,5529,Oulens-sous-Echallens,155,71,0,0,0
22,VD,5530,Pailly,155,76,0,0,0
22,VD,5588,Paudex,155,66.5,0,0,0
22,VD,5822,Payerne,155,70,0,0,0
22,VD,5495,Penthalaz,155,74,0,0,0
22,VD,5496,Penthaz,155,72.5,0,0,0
22,VD,5531,Penthéréaz,155,74,0,0,0
22,VD,5860,Perroy,155,58.5,0,0,0
22,VD,5533,Poliez-Pittet,155,73,0,0,0
22,VD,5497,Pompaples,155,66,0,0,0
22,VD,5926,Pomy,155,71,0,0,0
22,VD,5725,Prangins,155,55,0,0,0
22,VD,5759,Premier,155,79.5,0,0,0
22,VD,5589,Prilly,155,72.5,0,0,0
22,VD,5566,Provence,155,81,0,0,0
22,VD,5643,Préverenges,155,62.5,0,0,0
22,VD,5683,Prévonloup,155,72.5,0,0,0
22,VD,5607,Puidoux,155,68.5,0,0,0
22,VD,5590,Pully,155,61,0,0,0
22,VD,5760,Rances,155,76.5,0,0,0
22,VD,5591,Renens (VD),155,77,0,0,0
22,VD,5412,Rennaz,155,69,0,0,0
22,VD,5609,Rivaz,155,62,0,0,0
22,VD,5413,Roche (VD),155,68,0,0,0
22,VD,5861,Rolle,155,59.5,0,0,0
22,VD,5761,Romainmôtier-Envy,155,81,0,0,0
22,VD,5592,Romanel-sur-Lausanne,155,70.5,0,0,0
22,VD,5645,Romanel-sur-Morges,155,56,0,0,0
22,VD,5798,Ropraz,155,77.5,0,0,0
22,VD,5684,Rossenges,155,70,0,0,0
22,VD,5842,Rossinière,155,81,0,0,0
22,VD,5843,Rougemont,155,79,0,0,0
22,VD,5928,Rovray,155,73,0,0,0
22,VD,5534,Rueyres,155,73,0,0,0
22,VD,5535,Saint-Barthélemy (VD),155,75,0,0,0
22,VD,5727,Saint-Cergue,155,66,0,0,0
22,VD,5434,Saint-George,155,69.5,0,0,0
22,VD,5435,Saint-Livres,155,69,0,0,0
22,VD,5436,Saint-Oyens,155,79,0,0,0
22,VD,5646,Saint-Prex,155,59,0,0,0
22,VD,5610,Saint-Saphorin (Lavaux),155,72,0,0,0
22,VD,5648,Saint-Sulpice (VD),155,55,0,0,0
22,VD,5568,Sainte-Croix,155,70,0,0,0
22,VD,5437,Saubraz,155,80,0,0,0
22,VD,5611,Savigny,155,69,0,0,0
22,VD,5499,Senarclens,155,68.5,0,0,0
22,VD,5762,Sergey,155,78,0,0,0
22,VD,5799,Servion,155,69,0,0,0
22,VD,5728,Signy-Avenex,155,58,0,0,0
22,VD,5929,Suchy,155,70,0,0,0
22,VD,5501,Sullens,155,64,0,0,0
22,VD,5930,Suscévaz,155,72,0,0,0
22,VD,5688,Syens,155,65,0,0,0
22,VD,5729,Tannay,155,60.5,0,0,0
22,VD,5862,Tartegnin,155,79,0,0,0
22,VD,5649,Tolochenaz,155,64,0,0,0
22,VD,5827,Trey,155,78,0,0,0
22,VD,5931,Treycovagnes,155,73,0,0,0
22,VD,5828,Treytorrens (Payerne),155,81.5,0,0,0
22,VD,5730,Trélex,155,55.5,0,0,0
22,VD,5571,Tévenon,155,71.5,0,0,0
22,VD,5932,Ursins,155,75,0,0,0
22,VD,5831,Valbroye,155,70.5,0,0,0
22,VD,5933,Valeyres-sous-Montagny,155,70.5,0,0,0
22,VD,5763,Valeyres-sous-Rances,155,71,0,0,0
22,VD,5934,Valeyres-sous-Ursins,155,77,0,0,0
22,VD,5764,Vallorbe,155,71.5,0,0,0
22,VD,5765,Vaulion,155,81,0,0,0
22,VD,5650,Vaux-sur-Morges,155,56,0,0,0
22,VD,5890,Vevey,155,74.5,0,0,0
22,VD,5891,Veytaux,155,67.5,0,0,0
22,VD,5732,Vich,155,63,0,0,0
22,VD,5935,Villars-Epeney,155,68,0,0,0
22,VD,5651,Villars-Sainte-Croix,155,60.5,0,0,0
22,VD,5690,Villars-le-Comte,155,68,0,0,0
22,VD,5537,Villars-le-Terroir,155,76,0,0,0
22,VD,5652,Villars-sous-Yens,155,76,0,0,0
22,VD,5830,Villarzel,155,75,0,0,0
22,VD,5414,Villeneuve (VD),155,67.5,0,0,0
22,VD,5863,Vinzel,155,65,0,0,0
22,VD,5539,Vuarrens,155,73.5,0,0,0
22,VD,5692,Vucherens,155,77,0,0,0
22,VD,5503,Vufflens-la-Ville,155,67,0,0,0
22,VD,5653,Vufflens-le-Château,155,62.5,0,0,0
22,VD,5937,Vugelles-La Mothe,155,70,0,0,0
22,VD,5766,Vuiteboeuf,155,75,0,0,0
22,VD,5803,Vulliens,155,74,0,0,0
22,VD,5654,Vullierens,155,76,0,0,0
22,VD,5464,Vully-les-Lacs,155,67,0,0,0
22,VD,5655,Yens,155,70,0,0,0
22,VD,5938,Yverdon-les-Bains,155,75,0,0,0
22,VD,5939,Yvonand,155,71.5,0,0,0
22,VD,5415,Yvorne,155,71.5,0,0,0
23,VS,6101,Agarn,100,130,0,0,0
23,VS,6102,Albinen,100,130,0,0,0
23,VS,6252,Anniviers,100,125,0,0,0
23,VS,6261,Arbaz,100,125,0,0,0
23,VS,6021,Ardon,100,130,0,0,0
23,VS,6191,Ausserberg,100,140,0,0,0
23,VS,6082,Ayent,100,130,0,0,0
23,VS,6281,Baltschieder,100,120,0,0,0
23,VS,6052,Bellwald,100,130,0,0,0
23,VS,6205,Bettmeralp,100,120,0,0,0
23,VS,6054,Binn,100,120,0,0,0
23,VS,6172,Bister,100,100,0,0,0
23,VS,6173,Bitsch,100,100,0,0,0
23,VS,6192,Blatten,100,140,0,0,0
23,VS,6032,Bourg-Saint-Pierre,100,100,0,0,0
23,VS,6131,Bovernier,100,120,0,0,0
23,VS,6002,Brig-Glis,100,100,0,0,0
23,VS,6193,Bürchen,100,130,0,0,0
23,VS,6232,Chalais,100,130,0,0,0
23,VS,6022,Chamoson,100,125,0,0,0
23,VS,6151,Champéry,100,135,0,0,0
23,VS,6235,Chippis,100,120,0,0,0
23,VS,6152,Collombey-Muraz,100,125,0,0,0
23,VS,6211,Collonges,100,110,0,0,0
23,VS,6023,Conthey,100,120,0,0,0
23,VS,6253,Crans-Montana,100,115,0,0,0
23,VS,6212,Dorénaz,100,120,0,0,0
23,VS,6004,Eggerberg,100,130,0,0,0
23,VS,6194,Eischoll,100,130,0,0,0
23,VS,6282,Eisten,100,100,0,0,0
23,VS,6283,Embd,100,130,0,0,0
23,VS,6104,Ergisch,100,100,0,0,0
23,VS,6056,Ernen,100,110,0,0,0
23,VS,6213,Evionnaz,100,130,0,0,0
23,VS,6083,Evolène,100,125,0,0,0
23,VS,6195,Ferden,100,140,0,0,0
23,VS,6057,Fiesch,100,115,0,0,0
23,VS,6058,Fieschertal,100,110,0,0,0
23,VS,6214,Finhaut,100,100,0,0,0
23,VS,6133,Fully,100,125,0,0,0
23,VS,6118,Gampel-Bratsch,100,130,0,0,0
23,VS,6077,Goms,100,110,0,0,0
23,VS,6177,Grengiols,100,130,0,0,0
23,VS,6263,Grimisuat,100,130,0,0,0
23,VS,6285,Grächen,100,140,0,0,0
23,VS,6238,Grône,100,125,0,0,0
23,VS,6117,Guttet-Feschel,100,130,0,0,0
23,VS,6084,Hérémence,100,100,0,0,0
23,VS,6239,Icogne,100,120,0,0,0
23,VS,6109,Inden,100,110,0,0,0
23,VS,6134,Isérables,100,135,0,0,0
23,VS,6197,Kippel,100,140,0,0,0
23,VS,6286,Lalden,100,120,0,0,0
23,VS,6061,Lax,100,140,0,0,0
23,VS,6240,Lens,100,105,0,0,0
23,VS,6110,Leuk,100,130,0,0,0
23,VS,6111,Leukerbad,100,145,0,0,0
23,VS,6135,Leytron,100,120,0,0,0
23,VS,6033,Liddes,100,125,0,0,0
23,VS,6136,Martigny,100,110,0,0,0
23,VS,6137,Martigny-Combe,100,110,0,0,0
23,VS,6215,Massongex,100,120,0,0,0
23,VS,6090,Mont-Noble,100,135,0,0,0
23,VS,6153,Monthey,100,120,0,0,0
23,VS,6203,Mörel-Filet,100,115,0,0,0
23,VS,6007,Naters,100,110,0,0,0
23,VS,6024,Nendaz,100,130,0,0,0
23,VS,6198,Niedergesteln,100,120,0,0,0
23,VS,6254,Noble-Contrée,100,110,0,0,0
23,VS,6112,Oberems,100,100,0,0,0
23,VS,6076,Obergoms,100,110,0,0,0
23,VS,6034,Orsières,100,120,0,0,0
23,VS,6154,Port-Valais,100,110,0,0,0
23,VS,6287,Randa,100,110,0,0,0
23,VS,6199,Raron,100,120,0,0,0
23,VS,6139,Riddes,100,125,0,0,0
23,VS,6008,Ried-Brig,100,110,0,0,0
23,VS,6181,Riederalp,100,120,0,0,0
23,VS,6288,Saas-Almagell,100,120,0,0,0
23,VS,6289,Saas-Balen,100,120,0,0,0
23,VS,6290,Saas-Fee,100,125,0,0,0
23,VS,6291,Saas-Grund,100,130,0,0,0
23,VS,6140,Saillon,100,120,0,0,0
23,VS,6155,Saint-Gingolph,100,135,0,0,0
23,VS,6246,Saint-Léonard,100,120,0,0,0
23,VS,6087,Saint-Martin (VS),100,135,0,0,0
23,VS,6217,Saint-Maurice,100,125,0,0,0
23,VS,6113,Salgesch,100,120,0,0,0
23,VS,6218,Salvan,100,115,0,0,0
23,VS,6265,Savièse,100,115,0,2.5,0
23,VS,6141,Saxon,100,120,0,0,0
23,VS,6035,Sembrancher,100,120,0,0,0
23,VS,6248,Sierre,100,120,0,0,0
23,VS,6009,Simplon,100,100,0,0,0
23,VS,6266,Sion,100,110,0,3,0
23,VS,6292,St. Niklaus,100,120,0,0,0
23,VS,6293,Stalden (VS),100,110,0,0,0
23,VS,6294,Staldenried,100,110,0,0,0
23,VS,6204,Steg-Hohtenn,100,120,0,0,0
23,VS,6010,Termen,100,120,0,0,0
23,VS,6142,Trient,100,100,0,0,0
23,VS,6156,Troistorrents,100,120,0,0,0
23,VS,6119,Turtmann-Unterems,100,120,0,0,0
23,VS,6295,Täsch,100,120,0,0,0
23,VS,6296,Törbel,100,140,0,5,0
23,VS,6201,Unterbäch,100,120,0,0,0
23,VS,6037,Val de Bagnes,100,100,0,0,0
23,VS,6157,Val-d'Illiez,100,130,0,0,0
23,VS,6116,Varen,100,120,0,0,0
23,VS,6219,Vernayaz,100,120,0,0,0
23,VS,6089,Vex,100,130,0,0,0
23,VS,6267,Veysonnaz,100,120,0,0,0
23,VS,6158,Vionnaz,100,110,0,0,0
23,VS,6297,Visp,100,110,0,0,0
23,VS,6298,Visperterminen,100,130,0,0,0
23,VS,6159,Vouvry,100,125,0,4,0
23,VS,6220,Vérossaz,100,130,0,0,0
23,VS,6025,Vétroz,100,115,0,0,0
23,VS,6202,Wiler (Lötschen),100,140,0,0,0
23,VS,6299,Zeneggen,100,130,0,0,0
23,VS,6300,Zermatt,100,110,0,0,0
23,VS,6011,Zwischbergen,100,100,0,0,0
24,NE,6404,Boudry,125,73,11,11,0
24,NE,6433,Brot-Plamboz,125,75,11,11,0
24,NE,6451,Cornaux,125,74,11,11,0
24,NE,6408,Cortaillod,125,66,11,11,0
24,NE,6452,Cressier (NE),125,77,11,11,0
24,NE,6453,Enges,125,79,11,11,0
24,NE,6454,Hauterive (NE),125,70,11,11,0
24,NE,6432,La Brévine,125,75,11,11,0
24,NE,6421,La Chaux-de-Fonds,125,75,11,11,0
24,NE,6435,La Chaux-du-Milieu,125,75,11,11,0
24,NE,6504,La Côte-aux-Fées,125,75,11,11,0
24,NE,6417,La Grande Béroche,125,63,11,11,0
24,NE,6423,La Sagne,125,75,11,11,0
24,NE,6461,La Tène,125,69,11,11,0
24,NE,6434,Le Cerneux-Péquignot,125,75,11,11,0
24,NE,6455,Le Landeron,125,66,11,11,0
24,NE,6436,Le Locle,125,69,11,11,0
24,NE,6422,Les Planchettes,125,78,11,11,0
24,NE,6437,Les Ponts-de-Martel,125,75,11,11,0
24,NE,6511,Les Verrières,125,79,11,11,0
24,NE,6456,Lignières,125,77,11,11,0
24,NE,6416,Milvignes,125,63,11,11,0
24,NE,6458,Neuchâtel,125,65,11,11,0
24,NE,6413,Rochefort,125,67,11,11,0
24,NE,6459,Saint-Blaise,125,66,11,11,0
24,NE,6487,Val-de-Ruz,125,66,11,11,0
24,NE,6512,Val-de-Travers,125,76,11,11,0
25,GE,6601,Aire-la-Ville,147.5,50,6,6,0
25,GE,6602,Anières,147.5,31,6,6,0
25,GE,6603,Avully,147.5,51,6,6,0
25,GE,6604,Avusy,147.5,50,6,6,0
25,GE,6605,Bardonnex,147.5,43,6,6,0
25,GE,6606,Bellevue,147.5,41,6,6,0
25,GE,6607,Bernex,147.5,48,6,6,0
25,GE,6608,Carouge (GE),147.5,40,6,6,0
25,GE,6609,Cartigny,147.5,42,6,6,0
25,GE,6611,Chancy,147.5,51,6,6,0
25,GE,6614,Choulex,147.5,40,6,6,0
25,GE,6612,Chêne-Bougeries,147.5,33,6,6,0
25,GE,6613,Chêne-Bourg,147.5,46,6,6,0
25,GE,6615,Collex-Bossy,147.5,46,6,6,0
25,GE,6616,Collonge-Bellerive,147.5,29,6,6,0
25,GE,6617,Cologny,147.5,27,6,6,0
25,GE,6618,Confignon,147.5,47,6,6,0
25,GE,6619,Corsier (GE),147.5,34,6,6,0
25,GE,6610,Céligny,147.5,33,6,6,0
25,GE,6620,Dardagny,147.5,48,6,6,0
25,GE,6622,Genthod,147.5,25,6,6,0
25,GE,6621,Genève,147.5,45.49,6,6,0
25,GE,6624,Gy,147.5,46,6,6,0
25,GE,6625,Hermance,147.5,42,6,6,0
25,GE,6626,Jussy,147.5,41,6,6,0
25,GE,6627,Laconnex,147.5,44,6,6,0
25,GE,6628,Lancy,147.5,47,6,6,0
25,GE,6623,Le Grand-Saconnex,147.5,44,6,6,0
25,GE,6629,Meinier,147.5,42,6,6,0
25,GE,6630,Meyrin,147.5,44,6,6,0
25,GE,6631,Onex,147.5,50.5,6,6,0
25,GE,6632,Perly-Certoux,147.5,43,6,6,0
25,GE,6633,Plan-les-Ouates,147.5,36,6,6,0
25,GE,6634,Pregny-Chambésy,147.5,32,6,6,0
25,GE,6635,Presinge,147.5,40,6,6,0
25,GE,6636,Puplinge,147.5,48,6,6,0
25,GE,6637,Russin,147.5,39,6,6,0
25,GE,6638,Satigny,147.5,39,6,6,0
25,GE,6639,Soral,147.5,44,6,6,0
25,GE,6640,Thônex,147.5,44,6,6,0
25,GE,6641,Troinex,147.5,40,6,6,0
25,GE,6642,Vandoeuvres,147.5,29,6,6,0
25,GE,6643,Vernier,147.5,50,6,6,0
25,GE,6644,Versoix,147.5,45.5,6,6,0
25,GE,6645,Veyrier,147.5,38,6,6,0
26,JU,6771,Alle,285,225,8.1,8,0
26,JU,6807,Basse-Allaine,285,235,8.1,10.5,0
26,JU,6773,Beurnevésin,285,225,8.1,11.3,0
26,JU,6774,Boncourt,285,155,8.1,10.7,0
26,JU,6775,Bonfol,285,210,8.1,8,0
26,JU,6703,Bourrignon,285,225,8.1,11.3,0
26,JU,6702,Boécourt,285,200,8.1,8,0
26,JU,6778,Bure,285,225,8.1,8.05,0
26,JU,6704,Châtillon (JU),285,195,8.1,6.4,0
26,JU,6808,Clos du Doubs,285,215,8.1,9.7,0
26,JU,6781,Coeuve,285,235,8.1,10,0
26,JU,6782,Cornol,285,205,8.1,8.5,0
26,JU,6706,Courchapoix,285,215,8.1,10.5,0
26,JU,6783,Courchavon,285,190,8.1,10.5,0
26,JU,6784,Courgenay,285,205,8.1,8,0
26,JU,6708,Courrendlin,285,225,8.1,6.4,0
26,JU,6709,Courroux,285,215,8.1,7,0
26,JU,6785,Courtedoux,285,220,8.1,8.8,0
26,JU,6710,Courtételle,285,165,8.1,7.8,0
26,JU,6811,Damphreux-Lugnez,285,215,8.1,11.3,0
26,JU,6711,Delémont,285,190,8.1,6.4,0
26,JU,6712,Develier,285,195,8.1,8.9,0
26,JU,6713,Ederswiler,285,220,8.1,10,0
26,JU,6789,Fahy,285,230,8.1,11.3,0
26,JU,6790,Fontenais,285,235,8.1,7.2,0
26,JU,6792,Grandfontaine,285,225,8.1,11.3,0
26,JU,6809,Haute-Ajoie,285,215,8.1,9.5,0
26,JU,6729,Haute-Sorne,285,210,8.1,7.2,0
26,JU,6810,La Baroche,285,215,8.1,10.5,0
26,JU,6750,Lajoux (JU),285,220,8.1,10.3,0
26,JU,6741,Le Bémont (JU),285,195,8.1,8,0
26,JU,6754,Le Noirmont,285,170,8.1,8.9,0
26,JU,6742,Les Bois,285,215,8.1,9,0
26,JU,6743,Les Breuleux,285,140,8.1,8.7,0
26,JU,6745,Les Enfers,285,205,8.1,11.3,0
26,JU,6748,Les Genevez (JU),285,195,8.1,9.7,0
26,JU,6715,Mervelier,285,225,8.1,9.7,0
26,JU,6716,Mettembert,285,220,8.1,11,0
26,JU,6751,Montfaucon,285,220,8.1,11.3,0
26,JU,6718,Movelier,285,225,8.1,11,0
26,JU,6753,Muriaux,285,160,8.1,8,0
26,JU,6719,Pleigne,285,210,8.1,11.3,0
26,JU,6800,Porrentruy,285,205,8.1,7.2,0
26,JU,6721,Rossemaison,285,205,8.1,6.4,0
26,JU,6757,Saignelégier,285,230,8.1,8,0
26,JU,6758,Saint-Brais,285,225,8.1,10,0
26,JU,6722,Saulcy,285,220,8.1,10.5,0
26,JU,6759,Soubey,285,225,8.1,9.7,0
26,JU,6724,Soyhières,285,215,8.1,8.5,0
26,JU,6730,Val Terbi,285,225,8.1,6.5,0
26,JU,6806,Vendlincourt,285,230,8.1,9.6,0